,Présent,Imparfait,Passé simple,Futur simple,Passé composé,Plus-que-parfait,Passé antérieur,Futur antérieur,Subjonctif Présent,Subjonctif Passé,Subjonctif Imparfait,Subjonctif Plus-que-parfait,Conditionnel Présent,Conditionnel Passé
être,"['suis', 'es', 'est', 'sommes', 'êtes', 'sont']","['étais', 'étais', 'était', 'étions', 'étiez', 'étaient']","['fus', 'fus', 'fut', 'fûmes', 'fûtes', 'furent']","['serai', 'seras', 'sera', 'serons', 'serez', 'seront']","['ai été', 'as été', 'a été', 'avons été', 'avez été', 'ont été']","['avais été', 'avais été', 'avait été', 'avions été', 'aviez été', 'avaient été']","['eus été', 'eus été', 'eut été', 'eûmes été', 'eûtes été', 'eurent été']","['aurai été', 'auras été', 'aura été', 'aurons été', 'aurez été', 'auront été']","['sois', 'sois', 'soit', 'soyons', 'soyez', 'soient']","['aie été', 'aies été', 'ait été', 'ayons été', 'ayez été', 'aient été']","['fusse', 'fusses', 'fût', 'fussions', 'fussiez', 'fussent']","['eusse été', 'eusses été', 'eût été', 'eussions été', 'eussiez été', 'eussent été']","['serais', 'serais', 'serait', 'serions', 'seriez', 'seraient']","['aurais été', 'aurais été', 'aurait été', 'aurions été', 'auriez été', 'auraient été']"
avoir,"['ai', 'as', 'a', 'avons', 'avez', 'ont']","['avais', 'avais', 'avait', 'avions', 'aviez', 'avaient']","['eus', 'eus', 'eut', 'eûmes', 'eûtes', 'eurent']","['aurai', 'auras', 'aura', 'aurons', 'aurez', 'auront']","['ai eu', 'as eu', 'a eu', 'avons eu', 'avez eu', 'ont eu']","['avais eu', 'avais eu', 'avait eu', 'avions eu', 'aviez eu', 'avaient eu']","['eus eu', 'eus eu', 'eut eu', 'eûmes eu', 'eûtes eu', 'eurent eu']","['aurai eu', 'auras eu', 'aura eu', 'aurons eu', 'aurez eu', 'auront eu']","['aie', 'aies', 'ait', 'ayons', 'ayez', 'aient']","['aie eu', 'aies eu', 'ait eu', 'ayons eu', 'ayez eu', 'aient eu']","['eusse', 'eusses', 'eût', 'eussions', 'eussiez', 'eussent']","['eusse eu', 'eusses eu', 'eût eu', 'eussions eu', 'eussiez eu', 'eussent eu']","['aurais', 'aurais', 'aurait', 'aurions', 'auriez', 'auraient']","['aurais eu', 'aurais eu', 'aurait eu', 'aurions eu', 'auriez eu', 'auraient eu']"
faire,"['fais', 'fais', 'fait', 'faisons', 'faites', 'font']","['faisais', 'faisais', 'faisait', 'faisions', 'faisiez', 'faisaient']","['fis', 'fis', 'fit', 'fîmes', 'fîtes', 'firent']","['ferai', 'feras', 'fera', 'ferons', 'ferez', 'feront']","['ai fait', 'as fait', 'a fait', 'avons fait', 'avez fait', 'ont fait']","['avais fait', 'avais fait', 'avait fait', 'avions fait', 'aviez fait', 'avaient fait']","['eus fait', 'eus fait', 'eut fait', 'eûmes fait', 'eûtes fait', 'eurent fait']","['aurai fait', 'auras fait', 'aura fait', 'aurons fait', 'aurez fait', 'auront fait']","['fasse', 'fasses', 'fasse', 'fassions', 'fassiez', 'fassent']","['aie fait', 'aies fait', 'ait fait', 'ayons fait', 'ayez fait', 'aient fait']","['fisse', 'fisses', 'fît', 'fissions', 'fissiez', 'fissent']","['eusse fait', 'eusses fait', 'eût fait', 'eussions fait', 'eussiez fait', 'eussent fait']","['ferais', 'ferais', 'ferait', 'ferions', 'feriez', 'feraient']","['aurais fait', 'aurais fait', 'aurait fait', 'aurions fait', 'auriez fait', 'auraient fait']"
pouvoir,"['peux | puis', 'peux', 'peut', 'pouvons', 'pouvez', 'peuvent']","['pouvais', 'pouvais', 'pouvait', 'pouvions', 'pouviez', 'pouvaient']","['pus', 'pus', 'put', 'pûmes', 'pûtes', 'purent']","['pourrai', 'pourras', 'pourra', 'pourrons', 'pourrez', 'pourront']","['ai pu', 'as pu', 'a pu', 'avons pu', 'avez pu', 'ont pu']","['avais pu', 'avais pu', 'avait pu', 'avions pu', 'aviez pu', 'avaient pu']","['eus pu', 'eus pu', 'eut pu', 'eûmes pu', 'eûtes pu', 'eurent pu']","['aurai pu', 'auras pu', 'aura pu', 'aurons pu', 'aurez pu', 'auront pu']","['puisse', 'puisses', 'puisse', 'puissions', 'puissiez', 'puissent']","['aie pu', 'aies pu', 'ait pu', 'ayons pu', 'ayez pu', 'aient pu']","['pusse', 'pusses', 'pût', 'pussions', 'pussiez', 'pussent']","['eusse pu', 'eusses pu', 'eût pu', 'eussions pu', 'eussiez pu', 'eussent pu']","['pourrais', 'pourrais', 'pourrait', 'pourrions', 'pourriez', 'pourraient']","['aurais pu', 'aurais pu', 'aurait pu', 'aurions pu', 'auriez pu', 'auraient pu']"
dire,"['dis', 'dis', 'dit', 'disons', 'dites', 'disent']","['disais', 'disais', 'disait', 'disions', 'disiez', 'disaient']","['dis', 'dis', 'dit', 'dîmes', 'dîtes', 'dirent']","['dirai', 'diras', 'dira', 'dirons', 'direz', 'diront']","['ai dit', 'as dit', 'a dit', 'avons dit', 'avez dit', 'ont dit']","['avais dit', 'avais dit', 'avait dit', 'avions dit', 'aviez dit', 'avaient dit']","['eus dit', 'eus dit', 'eut dit', 'eûmes dit', 'eûtes dit', 'eurent dit']","['aurai dit', 'auras dit', 'aura dit', 'aurons dit', 'aurez dit', 'auront dit']","['dise', 'dises', 'dise', 'disions', 'disiez', 'disent']","['aie dit', 'aies dit', 'ait dit', 'ayons dit', 'ayez dit', 'aient dit']","['disse', 'disses', 'dît', 'dissions', 'dissiez', 'dissent']","['eusse dit', 'eusses dit', 'eût dit', 'eussions dit', 'eussiez dit', 'eussent dit']","['dirais', 'dirais', 'dirait', 'dirions', 'diriez', 'diraient']","['aurais dit', 'aurais dit', 'aurait dit', 'aurions dit', 'auriez dit', 'auraient dit']"
aller,"['vais', 'vas', 'va', 'allons', 'allez', 'vont']","['allais', 'allais', 'allait', 'allions', 'alliez', 'allaient']","['allai', 'allas', 'alla', 'allâmes', 'allâtes', 'allèrent']","['irai', 'iras', 'ira', 'irons', 'irez', 'iront']","['suis allé', 'es allé', 'est allé', 'sommes allés', 'êtes allés', 'sont allés']","['étais allé', 'étais allé', 'était allé', 'étions allés', 'étiez allés', 'étaient allés']","['fus allé', 'fus allé', 'fut allé', 'fûmes allés', 'fûtes allés', 'furent allés']","['serai allé', 'seras allé', 'sera allé', 'serons allés', 'serez allés', 'seront allés']","['aille', 'ailles', 'aille', 'allions', 'alliez', 'aillent']","['sois allé', 'sois allé', 'soit allé', 'soyons allés', 'soyez allés', 'soient allés']","['allasse', 'allasses', 'allât', 'allassions', 'allassiez', 'allassent']","['fusse allé', 'fusses allé', 'fût allé', 'fussions allés', 'fussiez allés', 'fussent allés']","['irais', 'irais', 'irait', 'irions', 'iriez', 'iraient']","['serais allé', 'serais allé', 'serait allé', 'serions allés', 'seriez allés', 'seraient allés']"
voir,"['vois', 'vois', 'voit', 'voyons', 'voyez', 'voient']","['voyais', 'voyais', 'voyait', 'voyions', 'voyiez', 'voyaient']","['vis', 'vis', 'vit', 'vîmes', 'vîtes', 'virent']","['verrai', 'verras', 'verra', 'verrons', 'verrez', 'verront']","['ai vu', 'as vu', 'a vu', 'avons vu', 'avez vu', 'ont vu']","['avais vu', 'avais vu', 'avait vu', 'avions vu', 'aviez vu', 'avaient vu']","['eus vu', 'eus vu', 'eut vu', 'eûmes vu', 'eûtes vu', 'eurent vu']","['aurai vu', 'auras vu', 'aura vu', 'aurons vu', 'aurez vu', 'auront vu']","['voie', 'voies', 'voie', 'voyions', 'voyiez', 'voient']","['aie vu', 'aies vu', 'ait vu', 'ayons vu', 'ayez vu', 'aient vu']","['visse', 'visses', 'vît', 'vissions', 'vissiez', 'vissent']","['eusse vu', 'eusses vu', 'eût vu', 'eussions vu', 'eussiez vu', 'eussent vu']","['verrais', 'verrais', 'verrait', 'verrions', 'verriez', 'verraient']","['aurais vu', 'aurais vu', 'aurait vu', 'aurions vu', 'auriez vu', 'auraient vu']"
savoir,"['sais', 'sais', 'sait', 'savons', 'savez', 'savent']","['savais', 'savais', 'savait', 'savions', 'saviez', 'savaient']","['sus', 'sus', 'sut', 'sûmes', 'sûtes', 'surent']","['saurai', 'sauras', 'saura', 'saurons', 'saurez', 'sauront']","['ai su', 'as su', 'a su', 'avons su', 'avez su', 'ont su']","['avais su', 'avais su', 'avait su', 'avions su', 'aviez su', 'avaient su']","['eus su', 'eus su', 'eut su', 'eûmes su', 'eûtes su', 'eurent su']","['aurai su', 'auras su', 'aura su', 'aurons su', 'aurez su', 'auront su']","['sache', 'saches', 'sache', 'sachions', 'sachiez', 'sachent']","['aie su', 'aies su', 'ait su', 'ayons su', 'ayez su', 'aient su']","['susse', 'susses', 'sût', 'sussions', 'sussiez', 'sussent']","['eusse su', 'eusses su', 'eût su', 'eussions su', 'eussiez su', 'eussent su']","['saurais', 'saurais', 'saurait', 'saurions', 'sauriez', 'sauraient']","['aurais su', 'aurais su', 'aurait su', 'aurions su', 'auriez su', 'auraient su']"
vouloir,"['veux', 'veux', 'veut', 'voulons', 'voulez', 'veulent']","['voulais', 'voulais', 'voulait', 'voulions', 'vouliez', 'voulaient']","['voulus', 'voulus', 'voulut', 'voulûmes', 'voulûtes', 'voulurent']","['voudrai', 'voudras', 'voudra', 'voudrons', 'voudrez', 'voudront']","['ai voulu', 'as voulu', 'a voulu', 'avons voulu', 'avez voulu', 'ont voulu']","['avais voulu', 'avais voulu', 'avait voulu', 'avions voulu', 'aviez voulu', 'avaient voulu']","['eus voulu', 'eus voulu', 'eut voulu', 'eûmes voulu', 'eûtes voulu', 'eurent voulu']","['aurai voulu', 'auras voulu', 'aura voulu', 'aurons voulu', 'aurez voulu', 'auront voulu']","['veuille', 'veuilles', 'veuille', 'voulions', 'vouliez', 'veuillent']","['aie voulu', 'aies voulu', 'ait voulu', 'ayons voulu', 'ayez voulu', 'aient voulu']","['voulusse', 'voulusses', 'voulût', 'voulussions', 'voulussiez', 'voulussent']","['eusse voulu', 'eusses voulu', 'eût voulu', 'eussions voulu', 'eussiez voulu', 'eussent voulu']","['voudrais', 'voudrais', 'voudrait', 'voudrions', 'voudriez', 'voudraient']","['aurais voulu', 'aurais voulu', 'aurait voulu', 'aurions voulu', 'auriez voulu', 'auraient voulu']"
venir,"['viens', 'viens', 'vient', 'venons', 'venez', 'viennent']","['venais', 'venais', 'venait', 'venions', 'veniez', 'venaient']","['vins', 'vins', 'vint', 'vînmes', 'vîntes', 'vinrent']","['viendrai', 'viendras', 'viendra', 'viendrons', 'viendrez', 'viendront']","['suis venu', 'es venu', 'est venu', 'sommes venus', 'êtes venus', 'sont venus']","['étais venu', 'étais venu', 'était venu', 'étions venus', 'étiez venus', 'étaient venus']","['fus venu', 'fus venu', 'fut venu', 'fûmes venus', 'fûtes venus', 'furent venus']","['serai venu', 'seras venu', 'sera venu', 'serons venus', 'serez venus', 'seront venus']","['vienne', 'viennes', 'vienne', 'venions', 'veniez', 'viennent']","['sois venu', 'sois venu', 'soit venu', 'soyons venus', 'soyez venus', 'soient venus']","['vinsse', 'vinsses', 'vînt', 'vinssions', 'vinssiez', 'vinssent']","['fusse venu', 'fusses venu', 'fût venu', 'fussions venus', 'fussiez venus', 'fussent venus']","['viendrais', 'viendrais', 'viendrait', 'viendrions', 'viendriez', 'viendraient']","['serais venu', 'serais venu', 'serait venu', 'serions venus', 'seriez venus', 'seraient venus']"
devoir,"['dois', 'dois', 'doit', 'devons', 'devez', 'doivent']","['devais', 'devais', 'devait', 'devions', 'deviez', 'devaient']","['dus', 'dus', 'dut', 'dûmes', 'dûtes', 'durent']","['devrai', 'devras', 'devra', 'devrons', 'devrez', 'devront']","['ai dû', 'as dû', 'a dû', 'avons dû', 'avez dû', 'ont dû']","['avais dû', 'avais dû', 'avait dû', 'avions dû', 'aviez dû', 'avaient dû']","['eus dû', 'eus dû', 'eut dû', 'eûmes dû', 'eûtes dû', 'eurent dû']","['aurai dû', 'auras dû', 'aura dû', 'aurons dû', 'aurez dû', 'auront dû']","['doive', 'doives', 'doive', 'devions', 'deviez', 'doivent']","['aie dû', 'aies dû', 'ait dû', 'ayons dû', 'ayez dû', 'aient dû']","['dusse', 'dusses', 'dût', 'dussions', 'dussiez', 'dussent']","['eusse dû', 'eusses dû', 'eût dû', 'eussions dû', 'eussiez dû', 'eussent dû']","['devrais', 'devrais', 'devrait', 'devrions', 'devriez', 'devraient']","['aurais dû', 'aurais dû', 'aurait dû', 'aurions dû', 'auriez dû', 'auraient dû']"
croire,"['crois', 'crois', 'croit', 'croyons', 'croyez', 'croient']","['croyais', 'croyais', 'croyait', 'croyions', 'croyiez', 'croyaient']","['crus', 'crus', 'crut', 'crûmes', 'crûtes', 'crurent']","['croirai', 'croiras', 'croira', 'croirons', 'croirez', 'croiront']","['ai cru', 'as cru', 'a cru', 'avons cru', 'avez cru', 'ont cru']","['avais cru', 'avais cru', 'avait cru', 'avions cru', 'aviez cru', 'avaient cru']","['eus cru', 'eus cru', 'eut cru', 'eûmes cru', 'eûtes cru', 'eurent cru']","['aurai cru', 'auras cru', 'aura cru', 'aurons cru', 'aurez cru', 'auront cru']","['croie', 'croies', 'croie', 'croyions', 'croyiez', 'croient']","['aie cru', 'aies cru', 'ait cru', 'ayons cru', 'ayez cru', 'aient cru']","['crusse', 'crusses', 'crût', 'crussions', 'crussiez', 'crussent']","['eusse cru', 'eusses cru', 'eût cru', 'eussions cru', 'eussiez cru', 'eussent cru']","['croirais', 'croirais', 'croirait', 'croirions', 'croiriez', 'croiraient']","['aurais cru', 'aurais cru', 'aurait cru', 'aurions cru', 'auriez cru', 'auraient cru']"
prendre,"['prends', 'prends', 'prend', 'prenons', 'prenez', 'prennent']","['prenais', 'prenais', 'prenait', 'prenions', 'preniez', 'prenaient']","['pris', 'pris', 'prit', 'prîmes', 'prîtes', 'prirent']","['prendrai', 'prendras', 'prendra', 'prendrons', 'prendrez', 'prendront']","['ai pris', 'as pris', 'a pris', 'avons pris', 'avez pris', 'ont pris']","['avais pris', 'avais pris', 'avait pris', 'avions pris', 'aviez pris', 'avaient pris']","['eus pris', 'eus pris', 'eut pris', 'eûmes pris', 'eûtes pris', 'eurent pris']","['aurai pris', 'auras pris', 'aura pris', 'aurons pris', 'aurez pris', 'auront pris']","['prenne', 'prennes', 'prenne', 'prenions', 'preniez', 'prennent']","['aie pris', 'aies pris', 'ait pris', 'ayons pris', 'ayez pris', 'aient pris']","['prisse', 'prisses', 'prît', 'prissions', 'prissiez', 'prissent']","['eusse pris', 'eusses pris', 'eût pris', 'eussions pris', 'eussiez pris', 'eussent pris']","['prendrais', 'prendrais', 'prendrait', 'prendrions', 'prendriez', 'prendraient']","['aurais pris', 'aurais pris', 'aurait pris', 'aurions pris', 'auriez pris', 'auraient pris']"
mettre,"['mets', 'mets', 'met', 'mettons', 'mettez', 'mettent']","['mettais', 'mettais', 'mettait', 'mettions', 'mettiez', 'mettaient']","['mis', 'mis', 'mit', 'mîmes', 'mîtes', 'mirent']","['mettrai', 'mettras', 'mettra', 'mettrons', 'mettrez', 'mettront']","['ai mis', 'as mis', 'a mis', 'avons mis', 'avez mis', 'ont mis']","['avais mis', 'avais mis', 'avait mis', 'avions mis', 'aviez mis', 'avaient mis']","['eus mis', 'eus mis', 'eut mis', 'eûmes mis', 'eûtes mis', 'eurent mis']","['aurai mis', 'auras mis', 'aura mis', 'aurons mis', 'aurez mis', 'auront mis']","['mette', 'mettes', 'mette', 'mettions', 'mettiez', 'mettent']","['aie mis', 'aies mis', 'ait mis', 'ayons mis', 'ayez mis', 'aient mis']","['misse', 'misses', 'mît', 'missions', 'missiez', 'missent']","['eusse mis', 'eusses mis', 'eût mis', 'eussions mis', 'eussiez mis', 'eussent mis']","['mettrais', 'mettrais', 'mettrait', 'mettrions', 'mettriez', 'mettraient']","['aurais mis', 'aurais mis', 'aurait mis', 'aurions mis', 'auriez mis', 'auraient mis']"
trouver,"['trouve', 'trouves', 'trouve', 'trouvons', 'trouvez', 'trouvent']","['trouvais', 'trouvais', 'trouvait', 'trouvions', 'trouviez', 'trouvaient']","['trouvai', 'trouvas', 'trouva', 'trouvâmes', 'trouvâtes', 'trouvèrent']","['trouverai', 'trouveras', 'trouvera', 'trouverons', 'trouverez', 'trouveront']","['ai trouvé', 'as trouvé', 'a trouvé', 'avons trouvé', 'avez trouvé', 'ont trouvé']","['avais trouvé', 'avais trouvé', 'avait trouvé', 'avions trouvé', 'aviez trouvé', 'avaient trouvé']","['eus trouvé', 'eus trouvé', 'eut trouvé', 'eûmes trouvé', 'eûtes trouvé', 'eurent trouvé']","['aurai trouvé', 'auras trouvé', 'aura trouvé', 'aurons trouvé', 'aurez trouvé', 'auront trouvé']","['trouve', 'trouves', 'trouve', 'trouvions', 'trouviez', 'trouvent']","['aie trouvé', 'aies trouvé', 'ait trouvé', 'ayons trouvé', 'ayez trouvé', 'aient trouvé']","['trouvasse', 'trouvasses', 'trouvât', 'trouvassions', 'trouvassiez', 'trouvassent']","['eusse trouvé', 'eusses trouvé', 'eût trouvé', 'eussions trouvé', 'eussiez trouvé', 'eussent trouvé']","['trouverais', 'trouverais', 'trouverait', 'trouverions', 'trouveriez', 'trouveraient']","['aurais trouvé', 'aurais trouvé', 'aurait trouvé', 'aurions trouvé', 'auriez trouvé', 'auraient trouvé']"
donner,"['donne', 'donnes', 'donne', 'donnons', 'donnez', 'donnent']","['donnais', 'donnais', 'donnait', 'donnions', 'donniez', 'donnaient']","['donnai', 'donnas', 'donna', 'donnâmes', 'donnâtes', 'donnèrent']","['donnerai', 'donneras', 'donnera', 'donnerons', 'donnerez', 'donneront']","['ai donné', 'as donné', 'a donné', 'avons donné', 'avez donné', 'ont donné']","['avais donné', 'avais donné', 'avait donné', 'avions donné', 'aviez donné', 'avaient donné']","['eus donné', 'eus donné', 'eut donné', 'eûmes donné', 'eûtes donné', 'eurent donné']","['aurai donné', 'auras donné', 'aura donné', 'aurons donné', 'aurez donné', 'auront donné']","['donne', 'donnes', 'donne', 'donnions', 'donniez', 'donnent']","['aie donné', 'aies donné', 'ait donné', 'ayons donné', 'ayez donné', 'aient donné']","['donnasse', 'donnasses', 'donnât', 'donnassions', 'donnassiez', 'donnassent']","['eusse donné', 'eusses donné', 'eût donné', 'eussions donné', 'eussiez donné', 'eussent donné']","['donnerais', 'donnerais', 'donnerait', 'donnerions', 'donneriez', 'donneraient']","['aurais donné', 'aurais donné', 'aurait donné', 'aurions donné', 'auriez donné', 'auraient donné']"
parler,"['parle', 'parles', 'parle', 'parlons', 'parlez', 'parlent']","['parlais', 'parlais', 'parlait', 'parlions', 'parliez', 'parlaient']","['parlai', 'parlas', 'parla', 'parlâmes', 'parlâtes', 'parlèrent']","['parlerai', 'parleras', 'parlera', 'parlerons', 'parlerez', 'parleront']","['ai parlé', 'as parlé', 'a parlé', 'avons parlé', 'avez parlé', 'ont parlé']","['avais parlé', 'avais parlé', 'avait parlé', 'avions parlé', 'aviez parlé', 'avaient parlé']","['eus parlé', 'eus parlé', 'eut parlé', 'eûmes parlé', 'eûtes parlé', 'eurent parlé']","['aurai parlé', 'auras parlé', 'aura parlé', 'aurons parlé', 'aurez parlé', 'auront parlé']","['parle', 'parles', 'parle', 'parlions', 'parliez', 'parlent']","['aie parlé', 'aies parlé', 'ait parlé', 'ayons parlé', 'ayez parlé', 'aient parlé']","['parlasse', 'parlasses', 'parlât', 'parlassions', 'parlassiez', 'parlassent']","['eusse parlé', 'eusses parlé', 'eût parlé', 'eussions parlé', 'eussiez parlé', 'eussent parlé']","['parlerais', 'parlerais', 'parlerait', 'parlerions', 'parleriez', 'parleraient']","['aurais parlé', 'aurais parlé', 'aurait parlé', 'aurions parlé', 'auriez parlé', 'auraient parlé']"
aimer,"['aime', 'aimes', 'aime', 'aimons', 'aimez', 'aiment']","['aimais', 'aimais', 'aimait', 'aimions', 'aimiez', 'aimaient']","['aimai', 'aimas', 'aima', 'aimâmes', 'aimâtes', 'aimèrent']","['aimerai', 'aimeras', 'aimera', 'aimerons', 'aimerez', 'aimeront']","['ai aimé', 'as aimé', 'a aimé', 'avons aimé', 'avez aimé', 'ont aimé']","['avais aimé', 'avais aimé', 'avait aimé', 'avions aimé', 'aviez aimé', 'avaient aimé']","['eus aimé', 'eus aimé', 'eut aimé', 'eûmes aimé', 'eûtes aimé', 'eurent aimé']","['aurai aimé', 'auras aimé', 'aura aimé', 'aurons aimé', 'aurez aimé', 'auront aimé']","['aime', 'aimes', 'aime', 'aimions', 'aimiez', 'aiment']","['aie aimé', 'aies aimé', 'ait aimé', 'ayons aimé', 'ayez aimé', 'aient aimé']","['aimasse', 'aimasses', 'aimât', 'aimassions', 'aimassiez', 'aimassent']","['eusse aimé', 'eusses aimé', 'eût aimé', 'eussions aimé', 'eussiez aimé', 'eussent aimé']","['aimerais', 'aimerais', 'aimerait', 'aimerions', 'aimeriez', 'aimeraient']","['aurais aimé', 'aurais aimé', 'aurait aimé', 'aurions aimé', 'auriez aimé', 'auraient aimé']"
passer,"['passe', 'passes', 'passe', 'passons', 'passez', 'passent']","['passais', 'passais', 'passait', 'passions', 'passiez', 'passaient']","['passai', 'passas', 'passa', 'passâmes', 'passâtes', 'passèrent']","['passerai', 'passeras', 'passera', 'passerons', 'passerez', 'passeront']","['suis passé', 'es passé', 'est passé', 'sommes passés', 'êtes passés', 'sont passés']","['étais passé', 'étais passé', 'était passé', 'étions passés', 'étiez passés', 'étaient passés']","['fus passé', 'fus passé', 'fut passé', 'fûmes passés', 'fûtes passés', 'furent passés']","['serai passé', 'seras passé', 'sera passé', 'serons passés', 'serez passés', 'seront passés']","['passe', 'passes', 'passe', 'passions', 'passiez', 'passent']","['sois passé', 'sois passé', 'soit passé', 'soyons passés', 'soyez passés', 'soient passés']","['passasse', 'passasses', 'passât', 'passassions', 'passassiez', 'passassent']","['fusse passé', 'fusses passé', 'fût passé', 'fussions passés', 'fussiez passés', 'fussent passés']","['passerais', 'passerais', 'passerait', 'passerions', 'passeriez', 'passeraient']","['serais passé', 'serais passé', 'serait passé', 'serions passés', 'seriez passés', 'seraient passés']"
chercher,"['cherche', 'cherches', 'cherche', 'cherchons', 'cherchez', 'cherchent']","['cherchais', 'cherchais', 'cherchait', 'cherchions', 'cherchiez', 'cherchaient']","['cherchai', 'cherchas', 'chercha', 'cherchâmes', 'cherchâtes', 'cherchèrent']","['chercherai', 'chercheras', 'cherchera', 'chercherons', 'chercherez', 'chercheront']","['ai cherché', 'as cherché', 'a cherché', 'avons cherché', 'avez cherché', 'ont cherché']","['avais cherché', 'avais cherché', 'avait cherché', 'avions cherché', 'aviez cherché', 'avaient cherché']","['eus cherché', 'eus cherché', 'eut cherché', 'eûmes cherché', 'eûtes cherché', 'eurent cherché']","['aurai cherché', 'auras cherché', 'aura cherché', 'aurons cherché', 'aurez cherché', 'auront cherché']","['je cherche', 'tu cherches', 'il cherche', 'nous cherchions', 'vous cherchiez', 'ils cherchent']","[""j' aie cherché"", 'tu aies cherché', 'il ait cherché', 'nous ayons cherché', 'vous ayez cherché', 'ils aient cherché']","['je cherchasse', 'tu cherchasses', 'il cherchât', 'nous cherchassions', 'vous cherchassiez', 'ils cherchassent']","[""j' eusse cherché"", 'tu eusses cherché', 'il eût cherché', 'nous eussions cherché', 'vous eussiez cherché', 'ils eussent cherché']","['chercherais', 'chercherais', 'chercherait', 'chercherions', 'chercheriez', 'chercheraient']","['aurais cherché', 'aurais cherché', 'aurait cherché', 'aurions cherché', 'auriez cherché', 'auraient cherché']"
sourire,"['souris', 'souris', 'sourit', 'sourions', 'souriez', 'sourient']","['souriais', 'souriais', 'souriait', 'souriions', 'souriiez', 'souriaient']","['souris', 'souris', 'sourit', 'sourîmes', 'sourîtes', 'sourirent']","['sourirai', 'souriras', 'sourira', 'sourirons', 'sourirez', 'souriront']","['ai souri', 'as souri', 'a souri', 'avons souri', 'avez souri', 'ont souri']","['avais souri', 'avais souri', 'avait souri', 'avions souri', 'aviez souri', 'avaient souri']","['eus souri', 'eus souri', 'eut souri', 'eûmes souri', 'eûtes souri', 'eurent souri']","['aurai souri', 'auras souri', 'aura souri', 'aurons souri', 'aurez souri', 'auront souri']","['je sourie', 'tu souries', 'il sourie', 'nous souriions', 'vous souriiez', 'ils sourient']","[""j' aie souri"", 'tu aies souri', 'il ait souri', 'nous ayons souri', 'vous ayez souri', 'ils aient souri']","['je sourisse', 'tu sourisses', 'il sourît', 'nous sourissions', 'vous sourissiez', 'ils sourissent']","[""j' eusse souri"", 'tu eusses souri', 'il eût souri', 'nous eussions souri', 'vous eussiez souri', 'ils eussent souri']","['sourirais', 'sourirais', 'sourirait', 'souririons', 'souririez', 'souriraient']","['aurais souri', 'aurais souri', 'aurait souri', 'aurions souri', 'auriez souri', 'auraient souri']"
coucher,"['couche', 'couches', 'couche', 'couchons', 'couchez', 'couchent']","['couchais', 'couchais', 'couchait', 'couchions', 'couchiez', 'couchaient']","['couchai', 'couchas', 'coucha', 'couchâmes', 'couchâtes', 'couchèrent']","['coucherai', 'coucheras', 'couchera', 'coucherons', 'coucherez', 'coucheront']","['ai couché', 'as couché', 'a couché', 'avons couché', 'avez couché', 'ont couché']","['avais couché', 'avais couché', 'avait couché', 'avions couché', 'aviez couché', 'avaient couché']","['eus couché', 'eus couché', 'eut couché', 'eûmes couché', 'eûtes couché', 'eurent couché']","['aurai couché', 'auras couché', 'aura couché', 'aurons couché', 'aurez couché', 'auront couché']","['je couche', 'tu couches', 'il couche', 'nous couchions', 'vous couchiez', 'ils couchent']","[""j' aie couché"", 'tu aies couché', 'il ait couché', 'nous ayons couché', 'vous ayez couché', 'ils aient couché']","['je couchasse', 'tu couchasses', 'il couchât', 'nous couchassions', 'vous couchassiez', 'ils couchassent']","[""j' eusse couché"", 'tu eusses couché', 'il eût couché', 'nous eussions couché', 'vous eussiez couché', 'ils eussent couché']","['coucherais', 'coucherais', 'coucherait', 'coucherions', 'coucheriez', 'coucheraient']","['aurais couché', 'aurais couché', 'aurait couché', 'aurions couché', 'auriez couché', 'auraient couché']"
courir,"['cours', 'cours', 'court', 'courons', 'courez', 'courent']","['courais', 'courais', 'courait', 'courions', 'couriez', 'couraient']","['courus', 'courus', 'courut', 'courûmes', 'courûtes', 'coururent']","['courrai', 'courras', 'courra', 'courrons', 'courrez', 'courront']","['ai couru', 'as couru', 'a couru', 'avons couru', 'avez couru', 'ont couru']","['avais couru', 'avais couru', 'avait couru', 'avions couru', 'aviez couru', 'avaient couru']","['eus couru', 'eus couru', 'eut couru', 'eûmes couru', 'eûtes couru', 'eurent couru']","['aurai couru', 'auras couru', 'aura couru', 'aurons couru', 'aurez couru', 'auront couru']","['je coure', 'tu coures', 'il coure', 'nous courions', 'vous couriez', 'ils courent']","[""j' aie couru"", 'tu aies couru', 'il ait couru', 'nous ayons couru', 'vous ayez couru', 'ils aient couru']","['je courusse', 'tu courusses', 'il courût', 'nous courussions', 'vous courussiez', 'ils courussent']","[""j' eusse couru"", 'tu eusses couru', 'il eût couru', 'nous eussions couru', 'vous eussiez couru', 'ils eussent couru']","['courrais', 'courrais', 'courrait', 'courrions', 'courriez', 'courraient']","['aurais couru', 'aurais couru', 'aurait couru', 'aurions couru', 'auriez couru', 'auraient couru']"
écouter,"['écoute', 'écoutes', 'écoute', 'écoutons', 'écoutez', 'écoutent']","['écoutais', 'écoutais', 'écoutait', 'écoutions', 'écoutiez', 'écoutaient']","['écoutai', 'écoutas', 'écouta', 'écoutâmes', 'écoutâtes', 'écoutèrent']","['écouterai', 'écouteras', 'écoutera', 'écouterons', 'écouterez', 'écouteront']","['ai écouté', 'as écouté', 'a écouté', 'avons écouté', 'avez écouté', 'ont écouté']","['avais écouté', 'avais écouté', 'avait écouté', 'avions écouté', 'aviez écouté', 'avaient écouté']","['eus écouté', 'eus écouté', 'eut écouté', 'eûmes écouté', 'eûtes écouté', 'eurent écouté']","['aurai écouté', 'auras écouté', 'aura écouté', 'aurons écouté', 'aurez écouté', 'auront écouté']","[""j' écoute"", 'tu écoutes', 'il écoute', 'nous écoutions', 'vous écoutiez', 'ils écoutent']","[""j' aie écouté"", 'tu aies écouté', 'il ait écouté', 'nous ayons écouté', 'vous ayez écouté', 'ils aient écouté']","[""j' écoutasse"", 'tu écoutasses', 'il écoutât', 'nous écoutassions', 'vous écoutassiez', 'ils écoutassent']","[""j' eusse écouté"", 'tu eusses écouté', 'il eût écouté', 'nous eussions écouté', 'vous eussiez écouté', 'ils eussent écouté']","['écouterais', 'écouterais', 'écouterait', 'écouterions', 'écouteriez', 'écouteraient']","['aurais écouté', 'aurais écouté', 'aurait écouté', 'aurions écouté', 'auriez écouté', 'auraient écouté']"
entendre,"['entends', 'entends', 'entend', 'entendons', 'entendez', 'entendent']","['entendais', 'entendais', 'entendait', 'entendions', 'entendiez', 'entendaient']","['entendis', 'entendis', 'entendit', 'entendîmes', 'entendîtes', 'entendirent']","['entendrai', 'entendras', 'entendra', 'entendrons', 'entendrez', 'entendront']","['ai entendu', 'as entendu', 'a entendu', 'avons entendu', 'avez entendu', 'ont entendu']","['avais entendu', 'avais entendu', 'avait entendu', 'avions entendu', 'aviez entendu', 'avaient entendu']","['eus entendu', 'eus entendu', 'eut entendu', 'eûmes entendu', 'eûtes entendu', 'eurent entendu']","['aurai entendu', 'auras entendu', 'aura entendu', 'aurons entendu', 'aurez entendu', 'auront entendu']","[""j' entende"", 'tu entendes', 'il entende', 'nous entendions', 'vous entendiez', 'ils entendent']","[""j' aie entendu"", 'tu aies entendu', 'il ait entendu', 'nous ayons entendu', 'vous ayez entendu', 'ils aient entendu']","[""j' entendisse"", 'tu entendisses', 'il entendît', 'nous entendissions', 'vous entendissiez', 'ils entendissent']","[""j' eusse entendu"", 'tu eusses entendu', 'il eût entendu', 'nous eussions entendu', 'vous eussiez entendu', 'ils eussent entendu']","['entendrais', 'entendrais', 'entendrait', 'entendrions', 'entendriez', 'entendraient']","['aurais entendu', 'aurais entendu', 'aurait entendu', 'aurions entendu', 'auriez entendu', 'auraient entendu']"
montrer,"['montre', 'montres', 'montre', 'montrons', 'montrez', 'montrent']","['montrais', 'montrais', 'montrait', 'montrions', 'montriez', 'montraient']","['montrai', 'montras', 'montra', 'montrâmes', 'montrâtes', 'montrèrent']","['montrerai', 'montreras', 'montrera', 'montrerons', 'montrerez', 'montreront']","['ai montré', 'as montré', 'a montré', 'avons montré', 'avez montré', 'ont montré']","['avais montré', 'avais montré', 'avait montré', 'avions montré', 'aviez montré', 'avaient montré']","['eus montré', 'eus montré', 'eut montré', 'eûmes montré', 'eûtes montré', 'eurent montré']","['aurai montré', 'auras montré', 'aura montré', 'aurons montré', 'aurez montré', 'auront montré']","['je montre', 'tu montres', 'il montre', 'nous montrions', 'vous montriez', 'ils montrent']","[""j' aie montré"", 'tu aies montré', 'il ait montré', 'nous ayons montré', 'vous ayez montré', 'ils aient montré']","['je montrasse', 'tu montrasses', 'il montrât', 'nous montrassions', 'vous montrassiez', 'ils montrassent']","[""j' eusse montré"", 'tu eusses montré', 'il eût montré', 'nous eussions montré', 'vous eussiez montré', 'ils eussent montré']","['montrerais', 'montrerais', 'montrerait', 'montrerions', 'montreriez', 'montreraient']","['aurais montré', 'aurais montré', 'aurait montré', 'aurions montré', 'auriez montré', 'auraient montré']"
fumer,"['fume', 'fumes', 'fume', 'fumons', 'fumez', 'fument']","['fumais', 'fumais', 'fumait', 'fumions', 'fumiez', 'fumaient']","['fumai', 'fumas', 'fuma', 'fumâmes', 'fumâtes', 'fumèrent']","['fumerai', 'fumeras', 'fumera', 'fumerons', 'fumerez', 'fumeront']","['ai fumé', 'as fumé', 'a fumé', 'avons fumé', 'avez fumé', 'ont fumé']","['avais fumé', 'avais fumé', 'avait fumé', 'avions fumé', 'aviez fumé', 'avaient fumé']","['eus fumé', 'eus fumé', 'eut fumé', 'eûmes fumé', 'eûtes fumé', 'eurent fumé']","['aurai fumé', 'auras fumé', 'aura fumé', 'aurons fumé', 'aurez fumé', 'auront fumé']","['je fume', 'tu fumes', 'il fume', 'nous fumions', 'vous fumiez', 'ils fument']","[""j' aie fumé"", 'tu aies fumé', 'il ait fumé', 'nous ayons fumé', 'vous ayez fumé', 'ils aient fumé']","['je fumasse', 'tu fumasses', 'il fumât', 'nous fumassions', 'vous fumassiez', 'ils fumassent']","[""j' eusse fumé"", 'tu eusses fumé', 'il eût fumé', 'nous eussions fumé', 'vous eussiez fumé', 'ils eussent fumé']","['fumerais', 'fumerais', 'fumerait', 'fumerions', 'fumeriez', 'fumeraient']","['aurais fumé', 'aurais fumé', 'aurait fumé', 'aurions fumé', 'auriez fumé', 'auraient fumé']"
chanter,"['chante', 'chantes', 'chante', 'chantons', 'chantez', 'chantent']","['chantais', 'chantais', 'chantait', 'chantions', 'chantiez', 'chantaient']","['chantai', 'chantas', 'chanta', 'chantâmes', 'chantâtes', 'chantèrent']","['chanterai', 'chanteras', 'chantera', 'chanterons', 'chanterez', 'chanteront']","['ai chanté', 'as chanté', 'a chanté', 'avons chanté', 'avez chanté', 'ont chanté']","['avais chanté', 'avais chanté', 'avait chanté', 'avions chanté', 'aviez chanté', 'avaient chanté']","['eus chanté', 'eus chanté', 'eut chanté', 'eûmes chanté', 'eûtes chanté', 'eurent chanté']","['aurai chanté', 'auras chanté', 'aura chanté', 'aurons chanté', 'aurez chanté', 'auront chanté']","['je chante', 'tu chantes', 'il chante', 'nous chantions', 'vous chantiez', 'ils chantent']","[""j' aie chanté"", 'tu aies chanté', 'il ait chanté', 'nous ayons chanté', 'vous ayez chanté', 'ils aient chanté']","['je chantasse', 'tu chantasses', 'il chantât', 'nous chantassions', 'vous chantassiez', 'ils chantassent']","[""j' eusse chanté"", 'tu eusses chanté', 'il eût chanté', 'nous eussions chanté', 'vous eussiez chanté', 'ils eussent chanté']","['chanterais', 'chanterais', 'chanterait', 'chanterions', 'chanteriez', 'chanteraient']","['aurais chanté', 'aurais chanté', 'aurait chanté', 'aurions chanté', 'auriez chanté', 'auraient chanté']"
trier,"['trie', 'tries', 'trie', 'trions', 'triez', 'trient']","['triais', 'triais', 'triait', 'triions', 'triiez', 'triaient']","['triai', 'trias', 'tria', 'triâmes', 'triâtes', 'trièrent']","['trierai', 'trieras', 'triera', 'trierons', 'trierez', 'trieront']","['ai trié', 'as trié', 'a trié', 'avons trié', 'avez trié', 'ont trié']","['avais trié', 'avais trié', 'avait trié', 'avions trié', 'aviez trié', 'avaient trié']","['eus trié', 'eus trié', 'eut trié', 'eûmes trié', 'eûtes trié', 'eurent trié']","['aurai trié', 'auras trié', 'aura trié', 'aurons trié', 'aurez trié', 'auront trié']","['je trie', 'tu tries', 'il trie', 'nous triions', 'vous triiez', 'ils trient']","[""j' aie trié"", 'tu aies trié', 'il ait trié', 'nous ayons trié', 'vous ayez trié', 'ils aient trié']","['je triasse', 'tu triasses', 'il triât', 'nous triassions', 'vous triassiez', 'ils triassent']","[""j' eusse trié"", 'tu eusses trié', 'il eût trié', 'nous eussions trié', 'vous eussiez trié', 'ils eussent trié']","['trierais', 'trierais', 'trierait', 'trierions', 'trieriez', 'trieraient']","['aurais trié', 'aurais trié', 'aurait trié', 'aurions trié', 'auriez trié', 'auraient trié']"
regarder,"['regarde', 'regardes', 'regarde', 'regardons', 'regardez', 'regardent']","['regardais', 'regardais', 'regardait', 'regardions', 'regardiez', 'regardaient']","['regardai', 'regardas', 'regarda', 'regardâmes', 'regardâtes', 'regardèrent']","['regarderai', 'regarderas', 'regardera', 'regarderons', 'regarderez', 'regarderont']","['ai regardé', 'as regardé', 'a regardé', 'avons regardé', 'avez regardé', 'ont regardé']","['avais regardé', 'avais regardé', 'avait regardé', 'avions regardé', 'aviez regardé', 'avaient regardé']","['eus regardé', 'eus regardé', 'eut regardé', 'eûmes regardé', 'eûtes regardé', 'eurent regardé']","['aurai regardé', 'auras regardé', 'aura regardé', 'aurons regardé', 'aurez regardé', 'auront regardé']","['je regarde', 'tu regardes', 'il/elle/on regarde', 'nous regardions', 'vous regardiez', 'ils/elles regardent']","[""j' aie regardé"", 'tu aies regardé', 'il/elle/on ait regardé', 'nous ayons regardé', 'vous ayez regardé', 'ils/elles aient regardé']","['je regardasse', 'tu regardasses', 'il/elle/on regardât', 'nous regardassions', 'vous regardassiez', 'ils/elles regardassent']","[""j' eusse regardé"", 'tu eusses regardé', 'il/elle/on eût regardé', 'nous eussions regardé', 'vous eussiez regardé', 'ils/elles eussent regardé']","['regarderais', 'regarderais', 'regarderait', 'regarderions', 'regarderiez', 'regarderaient']","['aurais regardé', 'aurais regardé', 'aurait regardé', 'aurions regardé', 'auriez regardé', 'auraient regardé']"
