,presente,imperfecto,indefinido,futuro,condicional,perfecto,pluscuamperfecto,pretérito anterior,futuro perfecto,condicional compuesto,subjuntivo presente,subjuntivo imperfecto,subjuntivo futuro,subjuntivo perfecto,subjuntivo pluscuamperfecto,subjuntivo futuro perfecto,imperativo afirmativo,imperativo negativo
ser,"['soy', 'eres', 'es', 'somos', 'sois', 'son']","['era', 'eras', 'era', 'éramos', 'erais', 'eran']","['fui', 'fuiste', 'fue', 'fuimos', 'fuisteis', 'fueron']","['seré', 'serás', 'será', 'seremos', 'seréis', 'serán']","['sería', 'serías', 'sería', 'seríamos', 'seríais', 'serían']","['he sido', 'has sido', 'ha sido', 'hemos sido', 'habéis sido', 'han sido']","['había sido', 'habías sido', 'había sido', 'habíamos sido', 'habíais sido', 'habían sido']","['hube sido', 'hubiste sido', 'hubo sido', 'hubimos sido', 'hubisteis sido', 'hubieron sido']","['habré sido', 'habrás sido', 'habrá sido', 'habremos sido', 'habréis sido', 'habrán sido']","['habría sido', 'habrías sido', 'habría sido', 'habríamos sido', 'habríais sido', 'habrían sido']","['sea', 'seas', 'sea', 'seamos', 'seáis', 'sean']","['fuera/fuese', 'fueras/fueses', 'fuera/fuese', 'fuéramos/fuésemos', 'fuerais/fueseis', 'fueran/fuesen']","['fuere', 'fueres', 'fuere', 'fuéremos', 'fuereis', 'fueren']","['haya sido', 'hayas sido', 'haya sido', 'hayamos sido', 'hayáis sido', 'hayan sido']","['hubiera/hubiese sido', 'hubieras/hubieses sido', 'hubiera/hubiese sido', 'hubiéramos/hubiésemos sido', 'hubierais/hubieseis sido', 'hubieran/hubiesen sido']","['hubiere sido', 'hubieres sido', 'hubiere sido', 'hubiéremos sido', 'hubiereis sido', 'hubieren sido']","['sé', 'sea', 'seamos', 'sed', 'sean']","['no seas', 'no sea', 'no seamos', 'no seáis', 'no sean']"
estar,"['estoy', 'estás', 'está', 'estamos', 'estáis', 'están']","['estaba', 'estabas', 'estaba', 'estábamos', 'estabais', 'estaban']","['estuve', 'estuviste', 'estuvo', 'estuvimos', 'estuvisteis', 'estuvieron']","['estaré', 'estarás', 'estará', 'estaremos', 'estaréis', 'estarán']","['estaría', 'estarías', 'estaría', 'estaríamos', 'estaríais', 'estarían']","['he estado', 'has estado', 'ha estado', 'hemos estado', 'habéis estado', 'han estado']","['había estado', 'habías estado', 'había estado', 'habíamos estado', 'habíais estado', 'habían estado']","['hube estado', 'hubiste estado', 'hubo estado', 'hubimos estado', 'hubisteis estado', 'hubieron estado']","['habré estado', 'habrás estado', 'habrá estado', 'habremos estado', 'habréis estado', 'habrán estado']","['habría estado', 'habrías estado', 'habría estado', 'habríamos estado', 'habríais estado', 'habrían estado']","['esté', 'estés', 'esté', 'estemos', 'estéis', 'estén']","['estuviera/estuviese', 'estuvieras/estuvieses', 'estuviera/estuviese', 'estuviéramos/estuviésemos', 'estuvierais/estuvieseis', 'estuvieran/estuviesen']","['estuviere', 'estuvieres', 'estuviere', 'estuviéremos', 'estuviereis', 'estuvieren']","['haya estado', 'hayas estado', 'haya estado', 'hayamos estado', 'hayáis estado', 'hayan estado']","['hubiera/hubiese estado', 'hubieras/hubieses estado', 'hubiera/hubiese estado', 'hubiéramos/hubiésemos estado', 'hubierais/hubieseis estado', 'hubieran/hubiesen estado']","['hubiere estado', 'hubieres estado', 'hubiere estado', 'hubiéremos estado', 'hubiereis estado', 'hubieren estado']","['está', 'esté', 'estemos', 'estad', 'estén']","['no estés', 'no esté', 'no estemos', 'no estéis', 'no estén']"
tener,"['tengo', 'tienes', 'tiene', 'tenemos', 'tenéis', 'tienen']","['tenía', 'tenías', 'tenía', 'teníamos', 'teníais', 'tenían']","['tuve', 'tuviste', 'tuvo', 'tuvimos', 'tuvisteis', 'tuvieron']","['tendré', 'tendrás', 'tendrá', 'tendremos', 'tendréis', 'tendrán']","['tendría', 'tendrías', 'tendría', 'tendríamos', 'tendríais', 'tendrían']","['he tenido', 'has tenido', 'ha tenido', 'hemos tenido', 'habéis tenido', 'han tenido']","['había tenido', 'habías tenido', 'había tenido', 'habíamos tenido', 'habíais tenido', 'habían tenido']","['hube tenido', 'hubiste tenido', 'hubo tenido', 'hubimos tenido', 'hubisteis tenido', 'hubieron tenido']","['habré tenido', 'habrás tenido', 'habrá tenido', 'habremos tenido', 'habréis tenido', 'habrán tenido']","['habría tenido', 'habrías tenido', 'habría tenido', 'habríamos tenido', 'habríais tenido', 'habrían tenido']","['tenga', 'tengas', 'tenga', 'tengamos', 'tengáis', 'tengan']","['tuviera/tuviese', 'tuvieras/tuvieses', 'tuviera/tuviese', 'tuviéramos/tuviésemos', 'tuvierais/tuvieseis', 'tuvieran/tuviesen']","['tuviere', 'tuvieres', 'tuviere', 'tuviéremos', 'tuviereis', 'tuvieren']","['haya tenido', 'hayas tenido', 'haya tenido', 'hayamos tenido', 'hayáis tenido', 'hayan tenido']","['hubiera/hubiese tenido', 'hubieras/hubieses tenido', 'hubiera/hubiese tenido', 'hubiéramos/hubiésemos tenido', 'hubierais/hubieseis tenido', 'hubieran/hubiesen tenido']","['hubiere tenido', 'hubieres tenido', 'hubiere tenido', 'hubiéremos tenido', 'hubiereis tenido', 'hubieren tenido']","['ten', 'tenga', 'tengamos', 'tened', 'tengan']","['no tengas', 'no tenga', 'no tengamos', 'no tengáis', 'no tengan']"
saber,"['sé', 'sabes', 'sabe', 'sabemos', 'sabéis', 'saben']","['sabía', 'sabías', 'sabía', 'sabíamos', 'sabíais', 'sabían']","['supe', 'supiste', 'supo', 'supimos', 'supisteis', 'supieron']","['sabré', 'sabrás', 'sabrá', 'sabremos', 'sabréis', 'sabrán']","['sabría', 'sabrías', 'sabría', 'sabríamos', 'sabríais', 'sabrían']","['he sabido', 'has sabido', 'ha sabido', 'hemos sabido', 'habéis sabido', 'han sabido']","['había sabido', 'habías sabido', 'había sabido', 'habíamos sabido', 'habíais sabido', 'habían sabido']","['hube sabido', 'hubiste sabido', 'hubo sabido', 'hubimos sabido', 'hubisteis sabido', 'hubieron sabido']","['habré sabido', 'habrás sabido', 'habrá sabido', 'habremos sabido', 'habréis sabido', 'habrán sabido']","['habría sabido', 'habrías sabido', 'habría sabido', 'habríamos sabido', 'habríais sabido', 'habrían sabido']","['sepa', 'sepas', 'sepa', 'sepamos', 'sepáis', 'sepan']","['supiera/supiese', 'supieras/supieses', 'supiera/supiese', 'supiéramos/supiésemos', 'supierais/supieseis', 'supieran/supiesen']","['supiere', 'supieres', 'supiere', 'supiéremos', 'supiereis', 'supieren']","['haya sabido', 'hayas sabido', 'haya sabido', 'hayamos sabido', 'hayáis sabido', 'hayan sabido']","['hubiera/hubiese sabido', 'hubieras/hubieses sabido', 'hubiera/hubiese sabido', 'hubiéramos/hubiésemos sabido', 'hubierais/hubieseis sabido', 'hubieran/hubiesen sabido']","['hubiere sabido', 'hubieres sabido', 'hubiere sabido', 'hubiéremos sabido', 'hubiereis sabido', 'hubieren sabido']","['sabe', 'sepa', 'sepamos', 'sabed', 'sepan']","['no sepas', 'no sepa', 'no sepamos', 'no sepáis', 'no sepan']"
hacer,"['hago', 'haces', 'hace', 'hacemos', 'hacéis', 'hacen']","['hacía', 'hacías', 'hacía', 'hacíamos', 'hacíais', 'hacían']","['hice', 'hiciste', 'hizo', 'hicimos', 'hicisteis', 'hicieron']","['haré', 'harás', 'hará', 'haremos', 'haréis', 'harán']","['haría', 'harías', 'haría', 'haríamos', 'haríais', 'harían']","['he hecho', 'has hecho', 'ha hecho', 'hemos hecho', 'habéis hecho', 'han hecho']","['había hecho', 'habías hecho', 'había hecho', 'habíamos hecho', 'habíais hecho', 'habían hecho']","['hube hecho', 'hubiste hecho', 'hubo hecho', 'hubimos hecho', 'hubisteis hecho', 'hubieron hecho']","['habré hecho', 'habrás hecho', 'habrá hecho', 'habremos hecho', 'habréis hecho', 'habrán hecho']","['habría hecho', 'habrías hecho', 'habría hecho', 'habríamos hecho', 'habríais hecho', 'habrían hecho']","['haga', 'hagas', 'haga', 'hagamos', 'hagáis', 'hagan']","['hiciera/hiciese', 'hicieras/hicieses', 'hiciera/hiciese', 'hiciéramos/hiciésemos', 'hicierais/hicieseis', 'hicieran/hiciesen']","['hiciere', 'hicieres', 'hiciere', 'hiciéremos', 'hiciereis', 'hicieren']","['haya hecho', 'hayas hecho', 'haya hecho', 'hayamos hecho', 'hayáis hecho', 'hayan hecho']","['hubiera/hubiese hecho', 'hubieras/hubieses hecho', 'hubiera/hubiese hecho', 'hubiéramos/hubiésemos hecho', 'hubierais/hubieseis hecho', 'hubieran/hubiesen hecho']","['hubiere hecho', 'hubieres hecho', 'hubiere hecho', 'hubiéremos hecho', 'hubiereis hecho', 'hubieren hecho']","['haz', 'haga', 'hagamos', 'haced', 'hagan']","['no hagas', 'no haga', 'no hagamos', 'no hagáis', 'no hagan']"
comer,"['como', 'comes', 'come', 'comemos', 'coméis', 'comen']","['comía', 'comías', 'comía', 'comíamos', 'comíais', 'comían']","['comí', 'comiste', 'comió', 'comimos', 'comisteis', 'comieron']","['comeré', 'comerás', 'comerá', 'comeremos', 'comeréis', 'comerán']","['comería', 'comerías', 'comería', 'comeríamos', 'comeríais', 'comerían']","['he comido', 'has comido', 'ha comido', 'hemos comido', 'habéis comido', 'han comido']","['había comido', 'habías comido', 'había comido', 'habíamos comido', 'habíais comido', 'habían comido']","['hube comido', 'hubiste comido', 'hubo comido', 'hubimos comido', 'hubisteis comido', 'hubieron comido']","['habré comido', 'habrás comido', 'habrá comido', 'habremos comido', 'habréis comido', 'habrán comido']","['habría comido', 'habrías comido', 'habría comido', 'habríamos comido', 'habríais comido', 'habrían comido']","['coma', 'comas', 'coma', 'comamos', 'comáis', 'coman']","['comiera/comiese', 'comieras/comieses', 'comiera/comiese', 'comiéramos/comiésemos', 'comierais/comieseis', 'comieran/comiesen']","['comiere', 'comieres', 'comiere', 'comiéremos', 'comiereis', 'comieren']","['haya comido', 'hayas comido', 'haya comido', 'hayamos comido', 'hayáis comido', 'hayan comido']","['hubiera/hubiese comido', 'hubieras/hubieses comido', 'hubiera/hubiese comido', 'hubiéramos/hubiésemos comido', 'hubierais/hubieseis comido', 'hubieran/hubiesen comido']","['hubiere comido', 'hubieres comido', 'hubiere comido', 'hubiéremos comido', 'hubiereis comido', 'hubieren comido']","['come', 'coma', 'comamos', 'comed', 'coman']","['no comas', 'no coma', 'no comamos', 'no comáis', 'no coman']"
tomar,"['tomo', 'tomas', 'toma', 'tomamos', 'tomáis', 'toman']","['tomaba', 'tomabas', 'tomaba', 'tomábamos', 'tomabais', 'tomaban']","['tomé', 'tomaste', 'tomó', 'tomamos', 'tomasteis', 'tomaron']","['tomaré', 'tomarás', 'tomará', 'tomaremos', 'tomaréis', 'tomarán']","['tomaría', 'tomarías', 'tomaría', 'tomaríamos', 'tomaríais', 'tomarían']","['he tomado', 'has tomado', 'ha tomado', 'hemos tomado', 'habéis tomado', 'han tomado']","['había tomado', 'habías tomado', 'había tomado', 'habíamos tomado', 'habíais tomado', 'habían tomado']","['hube tomado', 'hubiste tomado', 'hubo tomado', 'hubimos tomado', 'hubisteis tomado', 'hubieron tomado']","['habré tomado', 'habrás tomado', 'habrá tomado', 'habremos tomado', 'habréis tomado', 'habrán tomado']","['habría tomado', 'habrías tomado', 'habría tomado', 'habríamos tomado', 'habríais tomado', 'habrían tomado']","['tome', 'tomes', 'tome', 'tomemos', 'toméis', 'tomen']","['tomara/tomase', 'tomaras/tomases', 'tomara/tomase', 'tomáramos/tomásemos', 'tomarais/tomaseis', 'tomaran/tomasen']","['tomare', 'tomares', 'tomare', 'tomáremos', 'tomareis', 'tomaren']","['haya tomado', 'hayas tomado', 'haya tomado', 'hayamos tomado', 'hayáis tomado', 'hayan tomado']","['hubiera/hubiese tomado', 'hubieras/hubieses tomado', 'hubiera/hubiese tomado', 'hubiéramos/hubiésemos tomado', 'hubierais/hubieseis tomado', 'hubieran/hubiesen tomado']","['hubiere tomado', 'hubieres tomado', 'hubiere tomado', 'hubiéremos tomado', 'hubiereis tomado', 'hubieren tomado']","['toma', 'tome', 'tomemos', 'tomad', 'tomen']","['no tomes', 'no tome', 'no tomemos', 'no toméis', 'no tomen']"
ayudar,"['ayudo', 'ayudas', 'ayuda', 'ayudamos', 'ayudáis', 'ayudan']","['ayudaba', 'ayudabas', 'ayudaba', 'ayudábamos', 'ayudabais', 'ayudaban']","['ayudé', 'ayudaste', 'ayudó', 'ayudamos', 'ayudasteis', 'ayudaron']","['ayudaré', 'ayudarás', 'ayudará', 'ayudaremos', 'ayudaréis', 'ayudarán']","['ayudaría', 'ayudarías', 'ayudaría', 'ayudaríamos', 'ayudaríais', 'ayudarían']","['he ayudado', 'has ayudado', 'ha ayudado', 'hemos ayudado', 'habéis ayudado', 'han ayudado']","['había ayudado', 'habías ayudado', 'había ayudado', 'habíamos ayudado', 'habíais ayudado', 'habían ayudado']","['hube ayudado', 'hubiste ayudado', 'hubo ayudado', 'hubimos ayudado', 'hubisteis ayudado', 'hubieron ayudado']","['habré ayudado', 'habrás ayudado', 'habrá ayudado', 'habremos ayudado', 'habréis ayudado', 'habrán ayudado']","['habría ayudado', 'habrías ayudado', 'habría ayudado', 'habríamos ayudado', 'habríais ayudado', 'habrían ayudado']","['ayude', 'ayudes', 'ayude', 'ayudemos', 'ayudéis', 'ayuden']","['ayudara/ayudase', 'ayudaras/ayudases', 'ayudara/ayudase', 'ayudáramos/ayudásemos', 'ayudarais/ayudaseis', 'ayudaran/ayudasen']","['ayudare', 'ayudares', 'ayudare', 'ayudáremos', 'ayudareis', 'ayudaren']","['haya ayudado', 'hayas ayudado', 'haya ayudado', 'hayamos ayudado', 'hayáis ayudado', 'hayan ayudado']","['hubiera/hubiese ayudado', 'hubieras/hubieses ayudado', 'hubiera/hubiese ayudado', 'hubiéramos/hubiésemos ayudado', 'hubierais/hubieseis ayudado', 'hubieran/hubiesen ayudado']","['hubiere ayudado', 'hubieres ayudado', 'hubiere ayudado', 'hubiéremos ayudado', 'hubiereis ayudado', 'hubieren ayudado']","['ayuda', 'ayude', 'ayudemos', 'ayudad', 'ayuden']","['no ayudes', 'no ayude', 'no ayudemos', 'no ayudéis', 'no ayuden']"
hablar,"['hablo', 'hablas', 'habla', 'hablamos', 'habláis', 'hablan']","['hablaba', 'hablabas', 'hablaba', 'hablábamos', 'hablabais', 'hablaban']","['hablé', 'hablaste', 'habló', 'hablamos', 'hablasteis', 'hablaron']","['hablaré', 'hablarás', 'hablará', 'hablaremos', 'hablaréis', 'hablarán']","['hablaría', 'hablarías', 'hablaría', 'hablaríamos', 'hablaríais', 'hablarían']","['he hablado', 'has hablado', 'ha hablado', 'hemos hablado', 'habéis hablado', 'han hablado']","['había hablado', 'habías hablado', 'había hablado', 'habíamos hablado', 'habíais hablado', 'habían hablado']","['hube hablado', 'hubiste hablado', 'hubo hablado', 'hubimos hablado', 'hubisteis hablado', 'hubieron hablado']","['habré hablado', 'habrás hablado', 'habrá hablado', 'habremos hablado', 'habréis hablado', 'habrán hablado']","['habría hablado', 'habrías hablado', 'habría hablado', 'habríamos hablado', 'habríais hablado', 'habrían hablado']","['hable', 'hables', 'hable', 'hablemos', 'habléis', 'hablen']","['hablara/hablase', 'hablaras/hablases', 'hablara/hablase', 'habláramos/hablásemos', 'hablarais/hablaseis', 'hablaran/hablasen']","['hablare', 'hablares', 'hablare', 'habláremos', 'hablareis', 'hablaren']","['haya hablado', 'hayas hablado', 'haya hablado', 'hayamos hablado', 'hayáis hablado', 'hayan hablado']","['hubiera/hubiese hablado', 'hubieras/hubieses hablado', 'hubiera/hubiese hablado', 'hubiéramos/hubiésemos hablado', 'hubierais/hubieseis hablado', 'hubieran/hubiesen hablado']","['hubiere hablado', 'hubieres hablado', 'hubiere hablado', 'hubiéremos hablado', 'hubiereis hablado', 'hubieren hablado']","['habla', 'hable', 'hablemos', 'hablad', 'hablen']","['no hables', 'no hable', 'no hablemos', 'no habléis', 'no hablen']"
decir,"['digo', 'dices', 'dice', 'decimos', 'decís', 'dicen']","['decía', 'decías', 'decía', 'decíamos', 'decíais', 'decían']","['dije', 'dijiste', 'dijo', 'dijimos', 'dijisteis', 'dijeron']","['diré', 'dirás', 'dirá', 'diremos', 'diréis', 'dirán']","['diría', 'dirías', 'diría', 'diríamos', 'diríais', 'dirían']","['he dicho', 'has dicho', 'ha dicho', 'hemos dicho', 'habéis dicho', 'han dicho']","['había dicho', 'habías dicho', 'había dicho', 'habíamos dicho', 'habíais dicho', 'habían dicho']","['hube dicho', 'hubiste dicho', 'hubo dicho', 'hubimos dicho', 'hubisteis dicho', 'hubieron dicho']","['habré dicho', 'habrás dicho', 'habrá dicho', 'habremos dicho', 'habréis dicho', 'habrán dicho']","['habría dicho', 'habrías dicho', 'habría dicho', 'habríamos dicho', 'habríais dicho', 'habrían dicho']","['diga', 'digas', 'diga', 'digamos', 'digáis', 'digan']","['dijera/dijese', 'dijeras/dijeses', 'dijera/dijese', 'dijéramos/dijésemos', 'dijerais/dijeseis', 'dijeran/dijesen']","['dijere', 'dijeres', 'dijere', 'dijéremos', 'dijereis', 'dijeren']","['haya dicho', 'hayas dicho', 'haya dicho', 'hayamos dicho', 'hayáis dicho', 'hayan dicho']","['hubiera/hubiese dicho', 'hubieras/hubieses dicho', 'hubiera/hubiese dicho', 'hubiéramos/hubiésemos dicho', 'hubierais/hubieseis dicho', 'hubieran/hubiesen dicho']","['hubiere dicho', 'hubieres dicho', 'hubiere dicho', 'hubiéremos dicho', 'hubiereis dicho', 'hubieren dicho']","['di', 'diga', 'digamos', 'decid', 'digan']","['no digas', 'no diga', 'no digamos', 'no digáis', 'no digan']"
ir,"['voy', 'vas', 'va', 'vamos', 'vais', 'van']","['iba', 'ibas', 'iba', 'íbamos', 'ibais', 'iban']","['fui', 'fuiste', 'fue', 'fuimos', 'fuisteis', 'fueron']","['iré', 'irás', 'irá', 'iremos', 'iréis', 'irán']","['iría', 'irías', 'iría', 'iríamos', 'iríais', 'irían']","['he ido', 'has ido', 'ha ido', 'hemos ido', 'habéis ido', 'han ido']","['había ido', 'habías ido', 'había ido', 'habíamos ido', 'habíais ido', 'habían ido']","['hube ido', 'hubiste ido', 'hubo ido', 'hubimos ido', 'hubisteis ido', 'hubieron ido']","['habré ido', 'habrás ido', 'habrá ido', 'habremos ido', 'habréis ido', 'habrán ido']","['habría ido', 'habrías ido', 'habría ido', 'habríamos ido', 'habríais ido', 'habrían ido']","['vaya', 'vayas', 'vaya', 'vayamos', 'vayáis', 'vayan']","['fuera/fuese', 'fueras/fueses', 'fuera/fuese', 'fuéramos/fuésemos', 'fuerais/fueseis', 'fueran/fuesen']","['fuere', 'fueres', 'fuere', 'fuéremos', 'fuereis', 'fueren']","['haya ido', 'hayas ido', 'haya ido', 'hayamos ido', 'hayáis ido', 'hayan ido']","['hubiera/hubiese ido', 'hubieras/hubieses ido', 'hubiera/hubiese ido', 'hubiéramos/hubiésemos ido', 'hubierais/hubieseis ido', 'hubieran/hubiesen ido']","['hubiere ido', 'hubieres ido', 'hubiere ido', 'hubiéremos ido', 'hubiereis ido', 'hubieren ido']","['ve', 'vaya', 'vayamos', 'id', 'vayan']","['no vayas', 'no vaya', 'no vayamos', 'no vayáis', 'no vayan']"
venir,"['vengo', 'vienes', 'viene', 'venimos', 'venís', 'vienen']","['venía', 'venías', 'venía', 'veníamos', 'veníais', 'venían']","['vine', 'viniste', 'vino', 'vinimos', 'vinisteis', 'vinieron']","['vendré', 'vendrás', 'vendrá', 'vendremos', 'vendréis', 'vendrán']","['vendría', 'vendrías', 'vendría', 'vendríamos', 'vendríais', 'vendrían']","['he venido', 'has venido', 'ha venido', 'hemos venido', 'habéis venido', 'han venido']","['había venido', 'habías venido', 'había venido', 'habíamos venido', 'habíais venido', 'habían venido']","['hube venido', 'hubiste venido', 'hubo venido', 'hubimos venido', 'hubisteis venido', 'hubieron venido']","['habré venido', 'habrás venido', 'habrá venido', 'habremos venido', 'habréis venido', 'habrán venido']","['habría venido', 'habrías venido', 'habría venido', 'habríamos venido', 'habríais venido', 'habrían venido']","['venga', 'vengas', 'venga', 'vengamos', 'vengáis', 'vengan']","['viniera/viniese', 'vinieras/vinieses', 'viniera/viniese', 'viniéramos/viniésemos', 'vinierais/vinieseis', 'vinieran/viniesen']","['viniere', 'vinieres', 'viniere', 'viniéremos', 'viniereis', 'vinieren']","['haya venido', 'hayas venido', 'haya venido', 'hayamos venido', 'hayáis venido', 'hayan venido']","['hubiera/hubiese venido', 'hubieras/hubieses venido', 'hubiera/hubiese venido', 'hubiéramos/hubiésemos venido', 'hubierais/hubieseis venido', 'hubieran/hubiesen venido']","['hubiere venido', 'hubieres venido', 'hubiere venido', 'hubiéremos venido', 'hubiereis venido', 'hubieren venido']","['ven', 'venga', 'vengamos', 'venid', 'vengan']","['no vengas', 'no venga', 'no vengamos', 'no vengáis', 'no vengan']"
poder,"['puedo', 'puedes', 'puede', 'podemos', 'podéis', 'pueden']","['podía', 'podías', 'podía', 'podíamos', 'podíais', 'podían']","['pude', 'pudiste', 'pudo', 'pudimos', 'pudisteis', 'pudieron']","['podré', 'podrás', 'podrá', 'podremos', 'podréis', 'podrán']","['podría', 'podrías', 'podría', 'podríamos', 'podríais', 'podrían']","['he podido', 'has podido', 'ha podido', 'hemos podido', 'habéis podido', 'han podido']","['había podido', 'habías podido', 'había podido', 'habíamos podido', 'habíais podido', 'habían podido']","['hube podido', 'hubiste podido', 'hubo podido', 'hubimos podido', 'hubisteis podido', 'hubieron podido']","['habré podido', 'habrás podido', 'habrá podido', 'habremos podido', 'habréis podido', 'habrán podido']","['habría podido', 'habrías podido', 'habría podido', 'habríamos podido', 'habríais podido', 'habrían podido']","['pueda', 'puedas', 'pueda', 'podamos', 'podáis', 'puedan']","['pudiera/pudiese', 'pudieras/pudieses', 'pudiera/pudiese', 'pudiéramos/pudiésemos', 'pudierais/pudieseis', 'pudieran/pudiesen']","['pudiere', 'pudieres', 'pudiere', 'pudiéremos', 'pudiereis', 'pudieren']","['haya podido', 'hayas podido', 'haya podido', 'hayamos podido', 'hayáis podido', 'hayan podido']","['hubiera/hubiese podido', 'hubieras/hubieses podido', 'hubiera/hubiese podido', 'hubiéramos/hubiésemos podido', 'hubierais/hubieseis podido', 'hubieran/hubiesen podido']","['hubiere podido', 'hubieres podido', 'hubiere podido', 'hubiéremos podido', 'hubiereis podido', 'hubieren podido']","['puede', 'pueda', 'podamos', 'poded', 'puedan']","['no puedas', 'no pueda', 'no podamos', 'no podáis', 'no puedan']"
poner,"['pongo', 'pones', 'pone', 'ponemos', 'ponéis', 'ponen']","['ponía', 'ponías', 'ponía', 'poníamos', 'poníais', 'ponían']","['puse', 'pusiste', 'puso', 'pusimos', 'pusisteis', 'pusieron']","['pondré', 'pondrás', 'pondrá', 'pondremos', 'pondréis', 'pondrán']","['pondría', 'pondrías', 'pondría', 'pondríamos', 'pondríais', 'pondrían']","['he puesto', 'has puesto', 'ha puesto', 'hemos puesto', 'habéis puesto', 'han puesto']","['había puesto', 'habías puesto', 'había puesto', 'habíamos puesto', 'habíais puesto', 'habían puesto']","['hube puesto', 'hubiste puesto', 'hubo puesto', 'hubimos puesto', 'hubisteis puesto', 'hubieron puesto']","['habré puesto', 'habrás puesto', 'habrá puesto', 'habremos puesto', 'habréis puesto', 'habrán puesto']","['habría puesto', 'habrías puesto', 'habría puesto', 'habríamos puesto', 'habríais puesto', 'habrían puesto']","['ponga', 'pongas', 'ponga', 'pongamos', 'pongáis', 'pongan']","['pusiera/pusiese', 'pusieras/pusieses', 'pusiera/pusiese', 'pusiéramos/pusiésemos', 'pusierais/pusieseis', 'pusieran/pusiesen']","['pusiere', 'pusieres', 'pusiere', 'pusiéremos', 'pusiereis', 'pusieren']","['haya puesto', 'hayas puesto', 'haya puesto', 'hayamos puesto', 'hayáis puesto', 'hayan puesto']","['hubiera/hubiese puesto', 'hubieras/hubieses puesto', 'hubiera/hubiese puesto', 'hubiéramos/hubiésemos puesto', 'hubierais/hubieseis puesto', 'hubieran/hubiesen puesto']","['hubiere puesto', 'hubieres puesto', 'hubiere puesto', 'hubiéremos puesto', 'hubiereis puesto', 'hubieren puesto']","['pon', 'ponga', 'pongamos', 'poned', 'pongan']","['no pongas', 'no ponga', 'no pongamos', 'no pongáis', 'no pongan']"
querer,"['quiero', 'quieres', 'quiere', 'queremos', 'queréis', 'quieren']","['quería', 'querías', 'quería', 'queríamos', 'queríais', 'querían']","['quise', 'quisiste', 'quiso', 'quisimos', 'quisisteis', 'quisieron']","['querré', 'querrás', 'querrá', 'querremos', 'querréis', 'querrán']","['querría', 'querrías', 'querría', 'querríamos', 'querríais', 'querrían']","['he querido', 'has querido', 'ha querido', 'hemos querido', 'habéis querido', 'han querido']","['había querido', 'habías querido', 'había querido', 'habíamos querido', 'habíais querido', 'habían querido']","['hube querido', 'hubiste querido', 'hubo querido', 'hubimos querido', 'hubisteis querido', 'hubieron querido']","['habré querido', 'habrás querido', 'habrá querido', 'habremos querido', 'habréis querido', 'habrán querido']","['habría querido', 'habrías querido', 'habría querido', 'habríamos querido', 'habríais querido', 'habrían querido']","['quiera', 'quieras', 'quiera', 'queramos', 'queráis', 'quieran']","['quisiera/quisiese', 'quisieras/quisieses', 'quisiera/quisiese', 'quisiéramos/quisiésemos', 'quisierais/quisieseis', 'quisieran/quisiesen']","['quisiere', 'quisieres', 'quisiere', 'quisiéremos', 'quisiereis', 'quisieren']","['haya querido', 'hayas querido', 'haya querido', 'hayamos querido', 'hayáis querido', 'hayan querido']","['hubiera/hubiese querido', 'hubieras/hubieses querido', 'hubiera/hubiese querido', 'hubiéramos/hubiésemos querido', 'hubierais/hubieseis querido', 'hubieran/hubiesen querido']","['hubiere querido', 'hubieres querido', 'hubiere querido', 'hubiéremos querido', 'hubiereis querido', 'hubieren querido']","['quiere', 'quiera', 'queramos', 'quered', 'quieran']","['no quieras', 'no quiera', 'no queramos', 'no queráis', 'no quieran']"
dar,"['doy', 'das', 'da', 'damos', 'dais', 'dan']","['daba', 'dabas', 'daba', 'dábamos', 'dabais', 'daban']","['di', 'diste', 'dio', 'dimos', 'disteis', 'dieron']","['daré', 'darás', 'dará', 'daremos', 'daréis', 'darán']","['daría', 'darías', 'daría', 'daríamos', 'daríais', 'darían']","['he dado', 'has dado', 'ha dado', 'hemos dado', 'habéis dado', 'han dado']","['había dado', 'habías dado', 'había dado', 'habíamos dado', 'habíais dado', 'habían dado']","['hube dado', 'hubiste dado', 'hubo dado', 'hubimos dado', 'hubisteis dado', 'hubieron dado']","['habré dado', 'habrás dado', 'habrá dado', 'habremos dado', 'habréis dado', 'habrán dado']","['habría dado', 'habrías dado', 'habría dado', 'habríamos dado', 'habríais dado', 'habrían dado']","['dé', 'des', 'dé', 'demos', 'deis', 'den']","['diera/diese', 'dieras/dieses', 'diera/diese', 'diéramos/diésemos', 'dierais/dieseis', 'dieran/diesen']","['diere', 'dieres', 'diere', 'diéremos', 'diereis', 'dieren']","['haya dado', 'hayas dado', 'haya dado', 'hayamos dado', 'hayáis dado', 'hayan dado']","['hubiera/hubiese dado', 'hubieras/hubieses dado', 'hubiera/hubiese dado', 'hubiéramos/hubiésemos dado', 'hubierais/hubieseis dado', 'hubieran/hubiesen dado']","['hubiere dado', 'hubieres dado', 'hubiere dado', 'hubiéremos dado', 'hubiereis dado', 'hubieren dado']","['da', 'dé', 'demos', 'dad', 'den']","['no des', 'no dé', 'no demos', 'no deis', 'no den']"
ver,"['veo', 'ves', 've', 'vemos', 'veis', 'ven']","['veía', 'veías', 'veía', 'veíamos', 'veíais', 'veían']","['vi', 'viste', 'vio', 'vimos', 'visteis', 'vieron']","['veré', 'verás', 'verá', 'veremos', 'veréis', 'verán']","['vería', 'verías', 'vería', 'veríamos', 'veríais', 'verían']","['he visto', 'has visto', 'ha visto', 'hemos visto', 'habéis visto', 'han visto']","['había visto', 'habías visto', 'había visto', 'habíamos visto', 'habíais visto', 'habían visto']","['hube visto', 'hubiste visto', 'hubo visto', 'hubimos visto', 'hubisteis visto', 'hubieron visto']","['habré visto', 'habrás visto', 'habrá visto', 'habremos visto', 'habréis visto', 'habrán visto']","['habría visto', 'habrías visto', 'habría visto', 'habríamos visto', 'habríais visto', 'habrían visto']","['vea', 'veas', 'vea', 'veamos', 'veáis', 'vean']","['viera/viese', 'vieras/vieses', 'viera/viese', 'viéramos/viésemos', 'vierais/vieseis', 'vieran/viesen']","['viere', 'vieres', 'viere', 'viéremos', 'viereis', 'vieren']","['haya visto', 'hayas visto', 'haya visto', 'hayamos visto', 'hayáis visto', 'hayan visto']","['hubiera/hubiese visto', 'hubieras/hubieses visto', 'hubiera/hubiese visto', 'hubiéramos/hubiésemos visto', 'hubierais/hubieseis visto', 'hubieran/hubiesen visto']","['hubiere visto', 'hubieres visto', 'hubiere visto', 'hubiéremos visto', 'hubiereis visto', 'hubieren visto']","['ve', 'vea', 'veamos', 'ved', 'vean']","['no veas', 'no vea', 'no veamos', 'no veáis', 'no vean']"
vivir,"['vivo', 'vives', 'vive', 'vivimos', 'vivís', 'viven']","['vivía', 'vivías', 'vivía', 'vivíamos', 'vivíais', 'vivían']","['viví', 'viviste', 'vivió', 'vivimos', 'vivisteis', 'vivieron']","['viviré', 'vivirás', 'vivirá', 'viviremos', 'viviréis', 'vivirán']","['viviría', 'vivirías', 'viviría', 'viviríamos', 'viviríais', 'vivirían']","['he vivido', 'has vivido', 'ha vivido', 'hemos vivido', 'habéis vivido', 'han vivido']","['había vivido', 'habías vivido', 'había vivido', 'habíamos vivido', 'habíais vivido', 'habían vivido']","['hube vivido', 'hubiste vivido', 'hubo vivido', 'hubimos vivido', 'hubisteis vivido', 'hubieron vivido']","['habré vivido', 'habrás vivido', 'habrá vivido', 'habremos vivido', 'habréis vivido', 'habrán vivido']","['habría vivido', 'habrías vivido', 'habría vivido', 'habríamos vivido', 'habríais vivido', 'habrían vivido']","['viva', 'vivas', 'viva', 'vivamos', 'viváis', 'vivan']","['viviera/viviese', 'vivieras/vivieses', 'viviera/viviese', 'viviéramos/viviésemos', 'vivierais/vivieseis', 'vivieran/viviesen']","['viviere', 'vivieres', 'viviere', 'viviéremos', 'viviereis', 'vivieren']","['haya vivido', 'hayas vivido', 'haya vivido', 'hayamos vivido', 'hayáis vivido', 'hayan vivido']","['hubiera/hubiese vivido', 'hubieras/hubieses vivido', 'hubiera/hubiese vivido', 'hubiéramos/hubiésemos vivido', 'hubierais/hubieseis vivido', 'hubieran/hubiesen vivido']","['hubiere vivido', 'hubieres vivido', 'hubiere vivido', 'hubiéremos vivido', 'hubiereis vivido', 'hubieren vivido']","['vive', 'viva', 'vivamos', 'vivid', 'vivan']","['no vivas', 'no viva', 'no vivamos', 'no viváis', 'no vivan']"
necesitar,"['necesito', 'necesitas', 'necesita', 'necesitamos', 'necesitáis', 'necesitan']","['necesitaba', 'necesitabas', 'necesitaba', 'necesitábamos', 'necesitabais', 'necesitaban']","['necesité', 'necesitaste', 'necesitó', 'necesitamos', 'necesitasteis', 'necesitaron']","['necesitaré', 'necesitarás', 'necesitará', 'necesitaremos', 'necesitaréis', 'necesitarán']","['necesitaría', 'necesitarías', 'necesitaría', 'necesitaríamos', 'necesitaríais', 'necesitarían']","['he necesitado', 'has necesitado', 'ha necesitado', 'hemos necesitado', 'habéis necesitado', 'han necesitado']","['había necesitado', 'habías necesitado', 'había necesitado', 'habíamos necesitado', 'habíais necesitado', 'habían necesitado']","['hube necesitado', 'hubiste necesitado', 'hubo necesitado', 'hubimos necesitado', 'hubisteis necesitado', 'hubieron necesitado']","['habré necesitado', 'habrás necesitado', 'habrá necesitado', 'habremos necesitado', 'habréis necesitado', 'habrán necesitado']","['habría necesitado', 'habrías necesitado', 'habría necesitado', 'habríamos necesitado', 'habríais necesitado', 'habrían necesitado']","['necesite', 'necesites', 'necesite', 'necesitemos', 'necesitéis', 'necesiten']","['necesitara/necesitase', 'necesitaras/necesitases', 'necesitara/necesitase', 'necesitáramos/necesitásemos', 'necesitarais/necesitaseis', 'necesitaran/necesitasen']","['necesitare', 'necesitares', 'necesitare', 'necesitáremos', 'necesitareis', 'necesitaren']","['haya necesitado', 'hayas necesitado', 'haya necesitado', 'hayamos necesitado', 'hayáis necesitado', 'hayan necesitado']","['hubiera/hubiese necesitado', 'hubieras/hubieses necesitado', 'hubiera/hubiese necesitado', 'hubiéramos/hubiésemos necesitado', 'hubierais/hubieseis necesitado', 'hubieran/hubiesen necesitado']","['hubiere necesitado', 'hubieres necesitado', 'hubiere necesitado', 'hubiéremos necesitado', 'hubiereis necesitado', 'hubieren necesitado']","['necesita', 'necesite', 'necesitemos', 'necesitad', 'necesiten']","['no necesites', 'no necesite', 'no necesitemos', 'no necesitéis', 'no necesiten']"
quedar,"['quedo', 'quedas', 'queda', 'quedamos', 'quedáis', 'quedan']","['quedaba', 'quedabas', 'quedaba', 'quedábamos', 'quedabais', 'quedaban']","['quedé', 'quedaste', 'quedó', 'quedamos', 'quedasteis', 'quedaron']","['quedaré', 'quedarás', 'quedará', 'quedaremos', 'quedaréis', 'quedarán']","['quedaría', 'quedarías', 'quedaría', 'quedaríamos', 'quedaríais', 'quedarían']","['he quedado', 'has quedado', 'ha quedado', 'hemos quedado', 'habéis quedado', 'han quedado']","['había quedado', 'habías quedado', 'había quedado', 'habíamos quedado', 'habíais quedado', 'habían quedado']","['hube quedado', 'hubiste quedado', 'hubo quedado', 'hubimos quedado', 'hubisteis quedado', 'hubieron quedado']","['habré quedado', 'habrás quedado', 'habrá quedado', 'habremos quedado', 'habréis quedado', 'habrán quedado']","['habría quedado', 'habrías quedado', 'habría quedado', 'habríamos quedado', 'habríais quedado', 'habrían quedado']","['quede', 'quedes', 'quede', 'quedemos', 'quedéis', 'queden']","['quedara/quedase', 'quedaras/quedases', 'quedara/quedase', 'quedáramos/quedásemos', 'quedarais/quedaseis', 'quedaran/quedasen']","['quedare', 'quedares', 'quedare', 'quedáremos', 'quedareis', 'quedaren']","['haya quedado', 'hayas quedado', 'haya quedado', 'hayamos quedado', 'hayáis quedado', 'hayan quedado']","['hubiera/hubiese quedado', 'hubieras/hubieses quedado', 'hubiera/hubiese quedado', 'hubiéramos/hubiésemos quedado', 'hubierais/hubieseis quedado', 'hubieran/hubiesen quedado']","['hubiere quedado', 'hubieres quedado', 'hubiere quedado', 'hubiéremos quedado', 'hubiereis quedado', 'hubieren quedado']","['queda', 'quede', 'quedemos', 'quedad', 'queden']","['no quedes', 'no quede', 'no quedemos', 'no quedéis', 'no queden']"
tocar,"['toco', 'tocas', 'toca', 'tocamos', 'tocáis', 'tocan']","['tocaba', 'tocabas', 'tocaba', 'tocábamos', 'tocabais', 'tocaban']","['toqué', 'tocaste', 'tocó', 'tocamos', 'tocasteis', 'tocaron']","['tocaré', 'tocarás', 'tocará', 'tocaremos', 'tocaréis', 'tocarán']","['tocaría', 'tocarías', 'tocaría', 'tocaríamos', 'tocaríais', 'tocarían']","['he tocado', 'has tocado', 'ha tocado', 'hemos tocado', 'habéis tocado', 'han tocado']","['había tocado', 'habías tocado', 'había tocado', 'habíamos tocado', 'habíais tocado', 'habían tocado']","['hube tocado', 'hubiste tocado', 'hubo tocado', 'hubimos tocado', 'hubisteis tocado', 'hubieron tocado']","['habré tocado', 'habrás tocado', 'habrá tocado', 'habremos tocado', 'habréis tocado', 'habrán tocado']","['habría tocado', 'habrías tocado', 'habría tocado', 'habríamos tocado', 'habríais tocado', 'habrían tocado']","['toque', 'toques', 'toque', 'toquemos', 'toquéis', 'toquen']","['tocara/tocase', 'tocaras/tocases', 'tocara/tocase', 'tocáramos/tocásemos', 'tocarais/tocaseis', 'tocaran/tocasen']","['tocare', 'tocares', 'tocare', 'tocáremos', 'tocareis', 'tocaren']","['haya tocado', 'hayas tocado', 'haya tocado', 'hayamos tocado', 'hayáis tocado', 'hayan tocado']","['hubiera/hubiese tocado', 'hubieras/hubieses tocado', 'hubiera/hubiese tocado', 'hubiéramos/hubiésemos tocado', 'hubierais/hubieseis tocado', 'hubieran/hubiesen tocado']","['hubiere tocado', 'hubieres tocado', 'hubiere tocado', 'hubiéremos tocado', 'hubiereis tocado', 'hubieren tocado']","['toca', 'toque', 'toquemos', 'tocad', 'toquen']","['no toques', 'no toque', 'no toquemos', 'no toquéis', 'no toquen']"
salir,"['salgo', 'sales', 'sale', 'salimos', 'salís', 'salen']","['salía', 'salías', 'salía', 'salíamos', 'salíais', 'salían']","['salí', 'saliste', 'salió', 'salimos', 'salisteis', 'salieron']","['saldré', 'saldrás', 'saldrá', 'saldremos', 'saldréis', 'saldrán']","['saldría', 'saldrías', 'saldría', 'saldríamos', 'saldríais', 'saldrían']","['he salido', 'has salido', 'ha salido', 'hemos salido', 'habéis salido', 'han salido']","['había salido', 'habías salido', 'había salido', 'habíamos salido', 'habíais salido', 'habían salido']","['hube salido', 'hubiste salido', 'hubo salido', 'hubimos salido', 'hubisteis salido', 'hubieron salido']","['habré salido', 'habrás salido', 'habrá salido', 'habremos salido', 'habréis salido', 'habrán salido']","['habría salido', 'habrías salido', 'habría salido', 'habríamos salido', 'habríais salido', 'habrían salido']","['salga', 'salgas', 'salga', 'salgamos', 'salgáis', 'salgan']","['saliera/saliese', 'salieras/salieses', 'saliera/saliese', 'saliéramos/saliésemos', 'salierais/salieseis', 'salieran/saliesen']","['saliere', 'salieres', 'saliere', 'saliéremos', 'saliereis', 'salieren']","['haya salido', 'hayas salido', 'haya salido', 'hayamos salido', 'hayáis salido', 'hayan salido']","['hubiera/hubiese salido', 'hubieras/hubieses salido', 'hubiera/hubiese salido', 'hubiéramos/hubiésemos salido', 'hubierais/hubieseis salido', 'hubieran/hubiesen salido']","['hubiere salido', 'hubieres salido', 'hubiere salido', 'hubiéremos salido', 'hubiereis salido', 'hubieren salido']","['sal', 'salga', 'salgamos', 'salid', 'salgan']","['no salgas', 'no salga', 'no salgamos', 'no salgáis', 'no salgan']"
oír,"['oigo', 'oyes', 'oye', 'oímos', 'oís', 'oyen']","['oía', 'oías', 'oía', 'oíamos', 'oíais', 'oían']","['oí', 'oíste', 'oyó', 'oímos', 'oísteis', 'oyeron']","['oiré', 'oirás', 'oirá', 'oiremos', 'oiréis', 'oirán']","['oiría', 'oirías', 'oiría', 'oiríamos', 'oiríais', 'oirían']","['he oído', 'has oído', 'ha oído', 'hemos oído', 'habéis oído', 'han oído']","['había oído', 'habías oído', 'había oído', 'habíamos oído', 'habíais oído', 'habían oído']","['hube oído', 'hubiste oído', 'hubo oído', 'hubimos oído', 'hubisteis oído', 'hubieron oído']","['habré oído', 'habrás oído', 'habrá oído', 'habremos oído', 'habréis oído', 'habrán oído']","['habría oído', 'habrías oído', 'habría oído', 'habríamos oído', 'habríais oído', 'habrían oído']","['oiga', 'oigas', 'oiga', 'oigamos', 'oigáis', 'oigan']","['oyera/oyese', 'oyeras/oyeses', 'oyera/oyese', 'oyéramos/oyésemos', 'oyérais/oyéseis', 'oyeran/oyesen']","['oyere', 'oyeres', 'oyere', 'oyéremos', 'oyéreis', 'oyeren']","['haya oído', 'hayas oído', 'haya oído', 'hayamos oído', 'hayáis oído', 'hayan oído']","['hubiera/hubiese oído', 'hubieras/hubieses oído', 'hubiera/hubiese oído', 'hubiéramos/hubiésemos oído', 'hubierais/hubieseis oído', 'hubieran/hubiesen oído']","['hubiere oído', 'hubieres oído', 'hubiere oído', 'hubiéremos oído', 'hubiereis oído', 'hubieren oído']","['oye', 'oiga', 'oigamos', 'oíd', 'oigan']","['no oigas', 'no oiga', 'no oigamos', 'no oigáis', 'no oigan']"
elegir,"['elijo', 'eliges', 'elige', 'elegimos', 'elegís', 'eligen']","['elegía', 'elegías', 'elegía', 'elegíamos', 'elegíais', 'elegían']","['elegí', 'elegiste', 'eligió', 'elegimos', 'elegisteis', 'eligieron']","['elegiré', 'elegirás', 'elegirá', 'elegiremos', 'elegiréis', 'elegirán']","['elegiría', 'elegirías', 'elegiría', 'elegiríamos', 'elegiríais', 'elegirían']","['he elegido', 'has elegido', 'ha elegido', 'hemos elegido', 'habéis elegido', 'han elegido']","['había elegido', 'habías elegido', 'había elegido', 'habíamos elegido', 'habíais elegido', 'habían elegido']","['hube elegido', 'hubiste elegido', 'hubo elegido', 'hubimos elegido', 'hubisteis elegido', 'hubieron elegido']","['habré elegido', 'habrás elegido', 'habrá elegido', 'habremos elegido', 'habréis elegido', 'habrán elegido']","['habría elegido', 'habrías elegido', 'habría elegido', 'habríamos elegido', 'habríais elegido', 'habrían elegido']","['elija', 'elijas', 'elija', 'elijamos', 'elijáis', 'elijan']","['eligiera/eligiese', 'eligieras/eligieses', 'eligiera/eligiese', 'eligiéramos/eligiésemos', 'eligierais/eligieseis', 'eligieran/eligiesen']","['eligiere', 'eligieres', 'eligiere', 'eligiéremos', 'eligiereis', 'eligieren']","['haya elegido', 'hayas elegido', 'haya elegido', 'hayamos elegido', 'hayáis elegido', 'hayan elegido']","['hubiera/hubiese elegido', 'hubieras/hubieses elegido', 'hubiera/hubiese elegido', 'hubiéramos/hubiésemos elegido', 'hubierais/hubieseis elegido', 'hubieran/hubiesen elegido']","['hubiere elegido', 'hubieres elegido', 'hubiere elegido', 'hubiéremos elegido', 'hubiereis elegido', 'hubieren elegido']","['elige', 'elija', 'elijamos', 'elegid', 'elijan']","['no elijas', 'no elija', 'no elijamos', 'no elijáis', 'no elijan']"
seguir,"['sigo', 'sigues', 'sigue', 'seguimos', 'seguís', 'siguen']","['seguía', 'seguías', 'seguía', 'seguíamos', 'seguíais', 'seguían']","['seguí', 'seguiste', 'siguió', 'seguimos', 'seguisteis', 'siguieron']","['seguiré', 'seguirás', 'seguirá', 'seguiremos', 'seguiréis', 'seguirán']","['seguiría', 'seguirías', 'seguiría', 'seguiríamos', 'seguiríais', 'seguirían']","['he seguido', 'has seguido', 'ha seguido', 'hemos seguido', 'habéis seguido', 'han seguido']","['había seguido', 'habías seguido', 'había seguido', 'habíamos seguido', 'habíais seguido', 'habían seguido']","['hube seguido', 'hubiste seguido', 'hubo seguido', 'hubimos seguido', 'hubisteis seguido', 'hubieron seguido']","['habré seguido', 'habrás seguido', 'habrá seguido', 'habremos seguido', 'habréis seguido', 'habrán seguido']","['habría seguido', 'habrías seguido', 'habría seguido', 'habríamos seguido', 'habríais seguido', 'habrían seguido']","['siga', 'sigas', 'siga', 'sigamos', 'sigáis', 'sigan']","['siguiera/siguiese', 'siguieras/siguieses', 'siguiera/siguiese', 'siguiéramos/siguiésemos', 'siguierais/siguieseis', 'siguieran/siguiesen']","['siguiere', 'siguieres', 'siguiere', 'siguiéremos', 'siguiereis', 'siguieren']","['haya seguido', 'hayas seguido', 'haya seguido', 'hayamos seguido', 'hayáis seguido', 'hayan seguido']","['hubiera/hubiese seguido', 'hubieras/hubieses seguido', 'hubiera/hubiese seguido', 'hubiéramos/hubiésemos seguido', 'hubierais/hubieseis seguido', 'hubieran/hubiesen seguido']","['hubiere seguido', 'hubieres seguido', 'hubiere seguido', 'hubiéremos seguido', 'hubiereis seguido', 'hubieren seguido']","['sigue', 'siga', 'sigamos', 'seguid', 'sigan']","['no sigas', 'no siga', 'no sigamos', 'no sigáis', 'no sigan']"
surgir,"['surjo', 'surges', 'surge', 'surgimos', 'surgís', 'surgen']","['surgía', 'surgías', 'surgía', 'surgíamos', 'surgíais', 'surgían']","['surgí', 'surgiste', 'surgió', 'surgimos', 'surgisteis', 'surgieron']","['surgiré', 'surgirás', 'surgirá', 'surgiremos', 'surgiréis', 'surgirán']","['surgiría', 'surgirías', 'surgiría', 'surgiríamos', 'surgiríais', 'surgirían']","['he surgido', 'has surgido', 'ha surgido', 'hemos surgido', 'habéis surgido', 'han surgido']","['había surgido', 'habías surgido', 'había surgido', 'habíamos surgido', 'habíais surgido', 'habían surgido']","['hube surgido', 'hubiste surgido', 'hubo surgido', 'hubimos surgido', 'hubisteis surgido', 'hubieron surgido']","['habré surgido', 'habrás surgido', 'habrá surgido', 'habremos surgido', 'habréis surgido', 'habrán surgido']","['habría surgido', 'habrías surgido', 'habría surgido', 'habríamos surgido', 'habríais surgido', 'habrían surgido']","['surja', 'surjas', 'surja', 'surjamos', 'surjáis', 'surjan']","['surgiera/surgiese', 'surgieras/surgieses', 'surgiera/surgiese', 'surgiéramos/surgiésemos', 'surgierais/surgieseis', 'surgieran/surgiesen']","['surgiere', 'surgieres', 'surgiere', 'surgiéremos', 'surgiereis', 'surgieren']","['haya surgido', 'hayas surgido', 'haya surgido', 'hayamos surgido', 'hayáis surgido', 'hayan surgido']","['hubiera/hubiese surgido', 'hubieras/hubieses surgido', 'hubiera/hubiese surgido', 'hubiéramos/hubiésemos surgido', 'hubierais/hubieseis surgido', 'hubieran/hubiesen surgido']","['hubiere surgido', 'hubieres surgido', 'hubiere surgido', 'hubiéremos surgido', 'hubiereis surgido', 'hubieren surgido']","['surge', 'surja', 'surjamos', 'surgid', 'surjan']","['no surjas', 'no surja', 'no surjamos', 'no surjáis', 'no surjan']"
volver,"['vuelvo', 'vuelves', 'vuelve', 'volvemos', 'volvéis', 'vuelven']","['volvía', 'volvías', 'volvía', 'volvíamos', 'volvíais', 'volvían']","['volví', 'volviste', 'volvió', 'volvimos', 'volvisteis', 'volvieron']","['volveré', 'volverás', 'volverá', 'volveremos', 'volveréis', 'volverán']","['volvería', 'volverías', 'volvería', 'volveríamos', 'volveríais', 'volverían']","['he vuelto', 'has vuelto', 'ha vuelto', 'hemos vuelto', 'habéis vuelto', 'han vuelto']","['había vuelto', 'habías vuelto', 'había vuelto', 'habíamos vuelto', 'habíais vuelto', 'habían vuelto']","['hube vuelto', 'hubiste vuelto', 'hubo vuelto', 'hubimos vuelto', 'hubisteis vuelto', 'hubieron vuelto']","['habré vuelto', 'habrás vuelto', 'habrá vuelto', 'habremos vuelto', 'habréis vuelto', 'habrán vuelto']","['habría vuelto', 'habrías vuelto', 'habría vuelto', 'habríamos vuelto', 'habríais vuelto', 'habrían vuelto']","['vuelva', 'vuelvas', 'vuelva', 'volvamos', 'volváis', 'vuelvan']","['volviera/volviese', 'volvieras/volvieses', 'volviera/volviese', 'volviéramos/volviésemos', 'volvierais/volvieseis', 'volvieran/volviesen']","['volviere', 'volvieres', 'volviere', 'volviéremos', 'volviereis', 'volvieren']","['haya vuelto', 'hayas vuelto', 'haya vuelto', 'hayamos vuelto', 'hayáis vuelto', 'hayan vuelto']","['hubiera/hubiese vuelto', 'hubieras/hubieses vuelto', 'hubiera/hubiese vuelto', 'hubiéramos/hubiésemos vuelto', 'hubierais/hubieseis vuelto', 'hubieran/hubiesen vuelto']","['hubiere vuelto', 'hubieres vuelto', 'hubiere vuelto', 'hubiéremos vuelto', 'hubiereis vuelto', 'hubieren vuelto']","['vuelve', 'vuelva', 'volvamos', 'volved', 'vuelvan']","['no vuelvas', 'no vuelva', 'no volvamos', 'no volváis', 'no vuelvan']"
mentir,"['miento', 'mientes', 'miente', 'mentimos', 'mentís', 'mienten']","['mentía', 'mentías', 'mentía', 'mentíamos', 'mentíais', 'mentían']","['mentí', 'mentiste', 'mintió', 'mentimos', 'mentisteis', 'mintieron']","['mentiré', 'mentirás', 'mentirá', 'mentiremos', 'mentiréis', 'mentirán']","['mentiría', 'mentirías', 'mentiría', 'mentiríamos', 'mentiríais', 'mentirían']","['he mentido', 'has mentido', 'ha mentido', 'hemos mentido', 'habéis mentido', 'han mentido']","['había mentido', 'habías mentido', 'había mentido', 'habíamos mentido', 'habíais mentido', 'habían mentido']","['hube mentido', 'hubiste mentido', 'hubo mentido', 'hubimos mentido', 'hubisteis mentido', 'hubieron mentido']","['habré mentido', 'habrás mentido', 'habrá mentido', 'habremos mentido', 'habréis mentido', 'habrán mentido']","['habría mentido', 'habrías mentido', 'habría mentido', 'habríamos mentido', 'habríais mentido', 'habrían mentido']","['mienta', 'mientas', 'mienta', 'mentamos', 'mentáis', 'mienta']","['mintiera/mintiese', 'mintieras/mintieses', 'mintiera/mintiese', 'mintiéramos/mintiésemos', 'mintierais/mintieseis', 'mintieran/mintiesen']","['mintiere', 'mintieres', 'mintiere', 'mintiéremos', 'mintiereis', 'mintieren']","['haya mentido', 'hayas mentido', 'haya mentido', 'hayamos mentido', 'hayáis mentido', 'hayan mentido']","['hubiera/hubiese mentido', 'hubieras/hubieses mentido', 'hubiera/hubiese mentido', 'hubiéramos/hubiésemos mentido', 'hubierais/hubieseis mentido', 'hubieran/hubiesen mentido']","['hubiere mentido', 'hubieres mentido', 'hubiere mentido', 'hubiéremos mentido', 'hubiereis mentido', 'hubieren mentido']","['miente', 'mienta', 'mentamos', 'mentid', 'mienta']","['no mientas', 'no mienta', 'no mentamos', 'no mentáis', 'no mienta']"
traer,"['traigo', 'traes', 'trae', 'traemos', 'traéis', 'traen']","['traía', 'traías', 'traía', 'traíamos', 'traíais', 'traían']","['traje', 'trajiste', 'trajo', 'trajimos', 'trajisteis', 'trajeron']","['traeré', 'traerás', 'traerá', 'traeremos', 'traeréis', 'traerán']","['traería', 'traerías', 'traería', 'traeríamos', 'traeríais', 'traerían']","['he traído', 'has traído', 'ha traído', 'hemos traído', 'habéis traído', 'han traído']","['había traído', 'habías traído', 'había traído', 'habíamos traído', 'habíais traído', 'habían traído']","['hube traído', 'hubiste traído', 'hubo traído', 'hubimos traído', 'hubisteis traído', 'hubieron traído']","['habré traído', 'habrás traído', 'habrá traído', 'habremos traído', 'habréis traído', 'habrán traído']","['habría traído', 'habrías traído', 'habría traído', 'habríamos traído', 'habríais traído', 'habrían traído']","['traiga', 'traigas', 'traiga', 'traigamos', 'traigáis', 'traigan']","['trajera/trajese', 'trajeras/trajeses', 'trajera/trajese', 'trajéramos/trajésemos', 'trajerais/trajeseis', 'trajeran/trajesen']","['trajere', 'trajeres', 'trajere', 'trajéremos', 'trajereis', 'trajeren']","['haya traído', 'hayas traído', 'haya traído', 'hayamos traído', 'hayáis traído', 'hayan traído']","['hubiera/hubiese traído', 'hubieras/hubieses traído', 'hubiera/hubiese traído', 'hubiéramos/hubiésemos traído', 'hubierais/hubieseis traído', 'hubieran/hubiesen traído']","['hubiere traído', 'hubieres traído', 'hubiere traído', 'hubiéremos traído', 'hubiereis traído', 'hubieren traído']","['trae', 'traiga', 'traigamos', 'traed', 'traigan']","['no traigas', 'no traiga', 'no traigamos', 'no traigáis', 'no traigan']"
arrepentir,"['me arrepiento', 'te arrepientes', 'se arrepiente', 'nos arrepentimos', 'os arrepentís', 'se arrepienten']","['me arrepentía', 'te arrepentías', 'se arrepentía', 'nos arrepentíamos', 'os arrepentíais', 'se arrepentían']","['me arrepentí', 'te arrepentiste', 'se arrepintió', 'nos arrepentimos', 'os arrepentisteis', 'se arrepintieron']","['me arrepentiré', 'te arrepentirás', 'se arrepentirá', 'nos arrepentiremos', 'os arrepentiréis', 'se arrepentirán']","['me arrepentiría', 'te arrepentirías', 'se arrepentiría', 'nos arrepentiríamos', 'os arrepentiríais', 'se arrepentirían']","['me he arrepentido', 'te has arrepentido', 'se ha arrepentido', 'nos hemos arrepentido', 'os habéis arrepentido', 'se han arrepentido']","['me había arrepentido', 'te habías arrepentido', 'se había arrepentido', 'nos habíamos arrepentido', 'os habíais arrepentido', 'se habían arrepentido']","['me hube arrepentido', 'te hubiste arrepentido', 'se hubo arrepentido', 'nos hubimos arrepentido', 'os hubisteis arrepentido', 'se hubieron arrepentido']","['me habré arrepentido', 'te habrás arrepentido', 'se habrá arrepentido', 'nos habremos arrepentido', 'os habréis arrepentido', 'se habrán arrepentido']","['me habría arrepentido', 'te habrías arrepentido', 'se habría arrepentido', 'nos habríamos arrepentido', 'os habríais arrepentido', 'se habrían arrepentido']","['me arrepienta', 'te arrepientas', 'se arrepienta', 'nos arrepintamos', 'os arrepintáis', 'se arrepientan']","['me arrepintiera/arrepintiese', 'te arrepintieras/arrepintieses', 'se arrepintiera/arrepintiese', 'nos arrepintiéramos/arrepintiésemos', 'os arrepintierais/arrepintieseis', 'se arrepintieran/arrepintiesen']","['me arrepintiere', 'te arrepintieres', 'se arrepintiere', 'nos arrepintiéremos', 'os arrepintiereis', 'se arrepintieren']","['me haya arrepentido', 'te hayas arrepentido', 'se haya arrepentido', 'nos hayamos arrepentido', 'os hayáis arrepentido', 'se hayan arrepentido']","['me hubiera/hubiese arrepentido', 'te hubieras/hubieses arrepentido', 'se hubiera/hubiese arrepentido', 'nos hubiéramos/hubiésemos arrepentido', 'os hubierais/hubieseis arrepentido', 'se hubieran/hubiesen arrepentido']","['me hubiere arrepentido', 'te hubieres arrepentido', 'se hubiere arrepentido', 'nos hubiéremos arrepentido', 'os hubiereis arrepentido', 'se hubieren arrepentido']","['arrepiéntete', 'arrepiéntase', 'arrepentámonos', 'arrepentíos', 'arrepiéntanse']","['no te arrepientas', 'no se arrepienta', 'no nos arrepintamos', 'no os arrepintáis', 'no se arrepientan']"
adquirir,"['adquiero', 'adquieres', 'adquiere', 'adquirimos', 'adquirís', 'adquieren']","['adquiría', 'adquirías', 'adquiría', 'adquiríamos', 'adquiríais', 'adquirían']","['adquirí', 'adquiriste', 'adquirió', 'adquirimos', 'adquiristeis', 'adquirieron']","['adquiriré', 'adquirirás', 'adquirirá', 'adquiriremos', 'adquiriréis', 'adquirirán']","['adquiriría', 'adquirirías', 'adquiriría', 'adquiriríamos', 'adquiriríais', 'adquirirían']","['he adquirido', 'has adquirido', 'ha adquirido', 'hemos adquirido', 'habéis adquirido', 'han adquirido']","['había adquirido', 'habías adquirido', 'había adquirido', 'habíamos adquirido', 'habíais adquirido', 'habían adquirido']","['hube adquirido', 'hubiste adquirido', 'hubo adquirido', 'hubimos adquirido', 'hubisteis adquirido', 'hubieron adquirido']","['habré adquirido', 'habrás adquirido', 'habrá adquirido', 'habremos adquirido', 'habréis adquirido', 'habrán adquirido']","['habría adquirido', 'habrías adquirido', 'habría adquirido', 'habríamos adquirido', 'habríais adquirido', 'habrían adquirido']","['adquiera', 'adquieras', 'adquiera', 'adquiramos', 'adquiráis', 'adquieran']","['adquiriera / adquiriese', 'adquirieras / adquirieses', 'adquiriera / adquiriese', 'adquiriéramos / adquiriésemos', 'adquirierais / adquirieseis', 'adquirieran / adquiriesen']","['adquiriere', 'adquirieres', 'adquiriere', 'adquiriéremos', 'adquiriereis', 'adquirieren']","['haya adquirido', 'hayas adquirido', 'haya adquirido', 'hayamos adquirido', 'hayáis adquirido', 'hayan adquirido']","['hubiera/hubiese adquirido', 'hubieras/hubieses adquirido', 'hubiera/hubiese adquirido', 'hubiéramos/hubiésemos adquirido', 'hubierais/hubieseis adquirido', 'hubieran/hubiesen adquirido']","['hubiere adquirido', 'hubieres adquirido', 'hubiere adquirido', 'hubiéremos adquirido', 'hubiereis adquirido', 'hubieren adquirido']","['adquiere', 'adquiera', 'adquiramos', 'adquirid', 'adquieran']","['no adquieras', 'no adquiera', 'no adquiramos', 'no adquiráis', 'no adquieran']"
dibujar,"['dibujo', 'dibujas', 'dibuja', 'dibujamos', 'dibujáis', 'dibujan']","['dibujaba', 'dibujabas', 'dibujaba', 'dibujábamos', 'dibujabais', 'dibujaban']","['dibujé', 'dibujaste', 'dibujó', 'dibujamos', 'dibujasteis', 'dibujaron']","['dibujaré', 'dibujarás', 'dibujará', 'dibujaremos', 'dibujaréis', 'dibujarán']","['dibujaría', 'dibujarías', 'dibujaría', 'dibujaríamos', 'dibujaríais', 'dibujarían']","['he dibujado', 'has dibujado', 'ha dibujado', 'hemos dibujado', 'habéis dibujado', 'han dibujado']","['había dibujado', 'habías dibujado', 'había dibujado', 'habíamos dibujado', 'habíais dibujado', 'habían dibujado']","['hube dibujado', 'hubiste dibujado', 'hubo dibujado', 'hubimos dibujado', 'hubisteis dibujado', 'hubieron dibujado']","['habré dibujado', 'habrás dibujado', 'habrá dibujado', 'habremos dibujado', 'habréis dibujado', 'habrán dibujado']","['habría dibujado', 'habrías dibujado', 'habría dibujado', 'habríamos dibujado', 'habríais dibujado', 'habrían dibujado']","['dibuje', 'dibujes', 'dibuje', 'dibujemos', 'dibujéis', 'dibujen']","['dibujara / dibujase', 'dibujaras / dibujases', 'dibujara / dibujase', 'dibujáramos / dibujásemos', 'dibujarais / dibujaseis', 'dibujaran / dibujasen']","['dibujare', 'dibujares', 'dibujare', 'dibujáremos', 'dibujareis', 'dibujaren']","['haya dibujado', 'hayas dibujado', 'haya dibujado', 'hayamos dibujado', 'hayáis dibujado', 'hayan dibujado']","['hubiera/hubiese dibujado', 'hubieras/hubieses dibujado', 'hubiera/hubiese dibujado', 'hubiéramos/hubiésemos dibujado', 'hubierais/hubieseis dibujado', 'hubieran/hubiesen dibujado']","['hubiere dibujado', 'hubieres dibujado', 'hubiere dibujado', 'hubiéremos dibujado', 'hubiereis dibujado', 'hubieren dibujado']","['dibuja', 'dibuje', 'dibujemos', 'dibujad', 'dibujen']","['no dibujes', 'no dibuje', 'no dibujemos', 'no dibujéis', 'no dibujen']"
besar,"['beso', 'besas', 'besa', 'besamos', 'besáis', 'besan']","['besaba', 'besabas', 'besaba', 'besábamos', 'besabais', 'besaban']","['besé', 'besaste', 'besó', 'besamos', 'besasteis', 'besaron']","['besaré', 'besarás', 'besará', 'besaremos', 'besaréis', 'besarán']","['besaría', 'besarías', 'besaría', 'besaríamos', 'besaríais', 'besarían']","['he besado', 'has besado', 'ha besado', 'hemos besado', 'habéis besado', 'han besado']","['había besado', 'habías besado', 'había besado', 'habíamos besado', 'habíais besado', 'habían besado']","['hube besado', 'hubiste besado', 'hubo besado', 'hubimos besado', 'hubisteis besado', 'hubieron besado']","['habré besado', 'habrás besado', 'habrá besado', 'habremos besado', 'habréis besado', 'habrán besado']","['habría besado', 'habrías besado', 'habría besado', 'habríamos besado', 'habríais besado', 'habrían besado']","['bese', 'beses', 'bese', 'besemos', 'beséis', 'besen']","['besara / besase', 'besaras / besases', 'besara / besase', 'besáramos / besásemos', 'besarais / besaseis', 'besaran / besasen']","['besare', 'besares', 'besare', 'besáremos', 'besareis', 'besaren']","['haya besado', 'hayas besado', 'haya besado', 'hayamos besado', 'hayáis besado', 'hayan besado']","['hubiera/hubiese besado', 'hubieras/hubieses besado', 'hubiera/hubiese besado', 'hubiéramos/hubiésemos besado', 'hubierais/hubieseis besado', 'hubieran/hubiesen besado']","['hubiere besado', 'hubieres besado', 'hubiere besado', 'hubiéremos besado', 'hubiereis besado', 'hubieren besado']","['besa', 'bese', 'besemos', 'besad', 'besen']","['no beses', 'no bese', 'no besemos', 'no beséis', 'no besen']"
impedir,"['impido', 'impides', 'impide', 'impedimos', 'impedís', 'impiden']","['impedía', 'impedías', 'impedía', 'impedíamos', 'impedíais', 'impedían']","['impedí', 'impediste', 'impidió', 'impedimos', 'impedisteis', 'impidieron']","['impediré', 'impedirás', 'impedirá', 'impediremos', 'impediréis', 'impedirán']","['impediría', 'impedirías', 'impediría', 'impediríamos', 'impediríais', 'impedirían']","['he impedido', 'has impedido', 'ha impedido', 'hemos impedido', 'habéis impedido', 'han impedido']","['había impedido', 'habías impedido', 'había impedido', 'habíamos impedido', 'habíais impedido', 'habían impedido']","['hube impedido', 'hubiste impedido', 'hubo impedido', 'hubimos impedido', 'hubisteis impedido', 'hubieron impedido']","['habré impedido', 'habrás impedido', 'habrá impedido', 'habremos impedido', 'habréis impedido', 'habrán impedido']","['habría impedido', 'habrías impedido', 'habría impedido', 'habríamos impedido', 'habríais impedido', 'habrían impedido']","['impida', 'impidas', 'impida', 'impidamos', 'impidáis', 'impidan']","['impidiera / impidiese', 'impidieras / impidieses', 'impidiera / impidiese', 'impidiéramos / impidiésemos', 'impidierais / impidieseis', 'impidieran / impidiesen']","['impidiere', 'impidieres', 'impidiere', 'impidiéremos', 'impidiereis', 'impidieren']","['haya impedido', 'hayas impedido', 'haya impedido', 'hayamos impedido', 'hayáis impedido', 'hayan impedido']","['hubiera/hubiese impedido', 'hubieras/hubieses impedido', 'hubiera/hubiese impedido', 'hubiéramos/hubiésemos impedido', 'hubierais/hubieseis impedido', 'hubieran/hubiesen impedido']","['hubiere impedido', 'hubieres impedido', 'hubiere impedido', 'hubiéremos impedido', 'hubiereis impedido', 'hubieren impedido']","['impide', 'impida', 'impidamos', 'impedid', 'impidan']","['no impidas', 'no impida', 'no impidamos', 'no impidáis', 'no impidan']"
